,SOC,Occupation,AIOE_General,AIOE_LanguageModel,AIOE_ImageModel,AIOE_MultiModal,sub_1,size_1,sub_2,size_2,sub_3,size_3,sub_4,size_4,sub_5,size_5
0,41-9041,Telemarketers,1.118129,1.925633,-1.428249,1.2537700828689018,,,,,,,,,,
1,25-1123,"English Language and Literature Teachers, Postsecondary",1.417833,1.85686,0.3750499,1.5288318192861945,Professors,133.0,englishteachers,6.7,,,,,,
2,25-1124,"Foreign Language and Literature Teachers, Postsecondary",1.33412,1.813892,-0.0822445,1.4567089933121755,Professors,133.0,,,,,,,,
3,25-1125,"History Teachers, Postsecondary",1.43749,1.813362,0.4811135,1.548798388031547,Professors,133.0,historyteachers,17.0,,,,,,
4,25-1112,"Law Teachers, Postsecondary",1.35645,1.801888,0.2657821,1.4586546834875762,Professors,133.0,LawSchool,605.0,law,288.0,,,,
5,25-1126,"Philosophy and Religion Teachers, Postsecondary",1.363522,1.799875,0.2913871,1.4776978909535627,Professors,133.0,Philosophy,1800.0,,,,,,
6,25-1067,"Sociology Teachers, Postsecondary",1.349229,1.770457,0.2546098,1.456680066366108,Professors,133.0,Sociology_Academic,6.7,,,,,,
7,25-1065,"Political Science Teachers, Postsecondary",1.368397,1.769565,0.3230799,1.4802357406649074,Professors,133.0,PoliticalScience,51.0,,,,,,
8,25-1111,"Criminal Justice and Law Enforcement Teachers, Postsecondary",1.389999,1.754122,0.3795778,1.4816906629682796,Professors,133.0,,,,,,,,
9,19-3041,Sociologists,1.411125,1.747498,0.5127642,1.4821353122077072,sociology,126.0,,,,,,,,
10,25-1113,"Social Work Teachers, Postsecondary",1.347327,1.738791,0.3512177,1.4416324534618108,Professors,133.0,socialwork,84.0,,,,,,
11,25-1066,"Psychology Teachers, Postsecondary",1.33366,1.716472,0.306982,1.4287249611166462,Professors,133.0,psychology,2900.0,,,,,,
12,25-1122,"Communications Teachers, Postsecondary",1.347435,1.70167,0.3100412,1.4433393806212782,Professors,133.0,,,,,,,,
13,19-3094,Political Scientists,1.418863,1.686549,0.6362306,1.4874961945204674,PoliticalScience,51.0,,,,,,,,
14,25-1062,"Area, Ethnic, and Cultural Studies Teachers, Postsecondary",1.308699,1.66876,0.4524237,1.4054871067053833,Professors,133.0,,,,,,,,
15,23-1022,"Arbitrators, Mediators, and Conciliators",1.431593,1.647241,0.7957938,1.4793905909484206,LawSchool,605.0,law,288.0,attorneys,3.8,,,,
16,23-1023,"Judges, Magistrate Judges, and Magistrates",1.496494,1.646266,0.8351227,1.5386443173149955,LawSchool,605.0,law,288.0,attorneys,3.8,,,,
17,25-1064,"Geography Teachers, Postsecondary",1.318899,1.628536,0.5029951,1.4021527646220913,Professors,133.0,,,,,,,,
18,25-1082,"Library Science Teachers, Postsecondary",1.386292,1.626376,0.666595,1.4657006107789252,Professors,133.0,librarians,34.0,,,,,,
19,19-3031,"Clinical, Counseling, and School Psychologists",1.456361,1.626016,0.8265113,1.4957755601305394,psychologist,4.1,psychologists,2.7,,,,,,
20,25-1081,"Education Teachers, Postsecondary",1.192988,1.623696,0.0410512,1.2952308006516202,Professors,133.0,education,182.0,,,,,,
21,25-1011,"Business Teachers, Postsecondary",1.349314,1.618228,0.3769864,1.4202737330864055,Professors,133.0,business,2100.0,,,,,,
22,25-1053,"Environmental Science Teachers, Postsecondary",1.347519,1.603297,0.6195809,1.4165720089220388,Professors,133.0,environmental_science,56.0,,,,,,
23,43-3061,Procurement Clerks,1.487838,1.589915,0.7236916,1.509310136333703,procurement,10.0,,,,,,,,
24,25-1043,"Forestry and Conservation Science Teachers, Postsecondary",1.260278,1.562946,0.4352758,1.3333090556006473,Professors,133.0,,,,,,,,
25,13-1071,Human Resources Specialists,1.36005,1.557472,0.5706536,1.3967447365046914,humanresources,128.0,,,,,,,,
26,13-1111,Management Analysts,1.432417,1.547557,0.9662557,1.45041358595692,management,35.0,managementconsulting,7.6,businessanalysis,63.0,,,,
27,23-1021,"Administrative Law Judges, Adjudicators, and Hearing Officers",1.374714,1.547145,0.554923,1.4154365637017783,LawSchool,605.0,law,288.0,attorneys,3.8,,,,
28,43-4041,"Credit Authorizers, Checkers, and Clerks",1.440296,1.54555,0.5655808,1.4895504659612575,,,,,,,,,,
29,11-9033,"Education Administrators, Postsecondary",1.461149,1.544923,1.109604,1.4803814742961485,education,182.0,Professors,133.0,,,,,,
30,21-1014,Mental Health Counselors,1.34239,1.536944,0.6489279,1.3745873824566202,,,,,,,,,,
31,25-1061,"Anthropology and Archeology Teachers, Postsecondary",1.321694,1.534275,0.7813215,1.3812985415636647,Professors,133.0,Anthropology,140.0,Archaeology,185.0,,,,
32,25-1051,"Atmospheric, Earth, Marine, and Space Sciences Teachers, Postsecondary",1.306156,1.521884,0.5525842,1.3570424397511667,Professors,133.0,ScienceTeachers,41.0,,,,,,
33,27-3031,Public Relations Specialists,1.284927,1.517637,0.6906517,1.3214935310809017,PublicRelations,32.0,,,,,,,,
34,23-1012,Judicial Law Clerks,1.462973,1.512581,0.9544917,1.4864597078753996,LawSchool,605.0,law,288.0,attorneys,3.8,,,,
35,41-9091,"Door-To-Door Sales Workers, News and Street Vendors, and Related Workers",1.107101,1.511458,0.0474758,1.18828319848992,sales,312.0,,,,,,,,
36,13-1023,"Purchasing Agents, Except Wholesale, Retail, and Farm Products",1.509181,1.495701,1.057618,1.4992792712058924,procurement,10.0,,,,,,,,
37,25-1042,"Biological Science Teachers, Postsecondary",1.227677,1.492517,0.5211323,1.2918854189509932,Professors,133.0,ScienceTeachers,41.0,,,,,,
38,19-3093,Historians,1.098921,1.490678,0.2597013,1.210923662857752,AskHistorians,2000.0,Historians,1.7,,,,,,
39,25-3099,"Teachers and Instructors, All Other",1.32533,1.486138,0.5311096,1.3503309646195651,Teachers,856.0,,,,,,,,
40,43-4161,"Human Resources Assistants, Except Payroll and Timekeeping",1.353098,1.480714,0.7759914,1.4054105237537227,humanresources,128.0,,,,,,,,
41,29-9092,Genetic Counselors,1.527667,1.477603,1.346768,1.522383495967035,GeneticCounseling,5.1,,,,,,,,
42,13-2072,Loan Officers,1.385739,1.477458,0.3298389,1.378733862783423,,,,,,,,,,
43,21-1013,Marriage and Family Therapists,1.367434,1.47313,0.8573037,1.3870022957868007,therapists,105.0,,,,,,,,
44,27-3022,Reporters and Correspondents,1.186679,1.47074,0.5818821,1.246068999623947,Journalism,68.0,journalismjobs,8.3,,,,,,
45,21-2011,Clergy,1.282559,1.470103,0.5839847,1.3230091066819802,pastors,1.7,,,,,,,,
46,25-1192,"Home Economics Teachers, Postsecondary",1.211652,1.467661,0.6141432,1.2880436360900953,Professors,133.0,,,,,,,,
47,11-3111,Compensation and Benefits Managers,1.298235,1.466744,0.5593106,1.328736328474315,managers,55.0,,,,,,,,
48,25-1063,"Economics Teachers, Postsecondary",1.319012,1.46189,0.5499133,1.3550315912815636,Professors,133.0,Economics,4100.0,,,,,,
49,23-1011,Lawyers,1.328783,1.454044,1.035825,1.364460252096663,LawSchool,605.0,law,288.0,attorneys,3.8,,,,
50,25-1052,"Chemistry Teachers, Postsecondary",1.333947,1.449933,0.8127032,1.3653699322521164,Professors,133.0,chemistry,2700.0,,,,,,
51,43-4111,"Interviewers, Except Eligibility and Loan",1.297031,1.44861,0.2056872,1.319607187809856,,,,,,,,,,
52,25-3011,Adult Basic and Secondary Education and Literacy Teachers and Instructors,1.348951,1.440082,0.8028032,1.3820986346220419,Teachers,856.0,ReadingTeacher,1.3,,,,,,
53,43-9081,Proofreaders and Copy Markers,1.288375,1.436193,0.6419724,1.352989895536348,Proofreading,15.0,Copyediting,6.3,,,,,,
54,13-1075,Labor Relations Specialists,1.334834,1.431411,0.9441004,1.3564269164510292,,,,,,,,,,
55,25-1193,"Recreation and Fitness Studies Teachers, Postsecondary",1.16489,1.429312,0.4636288,1.2475449875123639,Professors,133.0,,,,,,,,
56,19-3032,Industrial-Organizational Psychologists,1.402475,1.427002,1.257209,1.4085499631529186,IOPsychology,30.0,,,,,,,,
57,41-3021,Insurance Sales Agents,1.341258,1.426945,0.6781299,1.3615929737165038,InsuranceProfessional,14.0,InsuranceAgent,12.0,,,,,,
58,43-4061,"Eligibility Interviewers, Government Programs",1.226286,1.416653,0.3133318,1.2522256502977311,,,,,,,,,,
59,43-2021,Telephone Operators,1.019712,1.411687,-0.8204122,1.0598466132493696,,,,,,,,,,
60,25-1022,"Mathematical Science Teachers, Postsecondary",1.338676,1.406917,0.619347,1.3408294280083277,Professors,133.0,mathteachers,8.5,,,,,,
61,13-1131,Fundraisers,1.242567,1.404691,0.7183008,1.2645402407010518,,,,,,,,,,
62,13-2052,Personal Financial Advisors,1.400749,1.395742,0.8148876,1.3760668965903198,FinancialCareers,1100.0,,,,,,,,
63,11-3061,Purchasing Managers,1.423426,1.393102,1.298248,1.411242211557928,procurement,10.0,,,,,,,,
64,25-1021,"Computer Science Teachers, Postsecondary",1.277778,1.390422,0.8789046,1.316382474518284,Professors,133.0,cscareerquestions,1500.0,,,,,,
65,23-2093,"Title Examiners, Abstractors, and Searchers",1.279954,1.384156,0.6196347,1.3241443835302407,,,,,,,,,,
66,11-2031,Public Relations and Fundraising Managers,1.293689,1.382948,1.120145,1.309619368964156,PublicRelations,32.0,,,,,,,,
67,25-1191,Graduate Teaching Assistants,1.111356,1.376487,0.3861544,1.1763231223615676,GradSchool,623.0,,,,,,,,
68,29-1066,Psychiatrists,1.280753,1.365892,0.8234686,1.2990214603794945,Psychiatry,122.0,,,,,,,,
69,29-1031,Dietitians and Nutritionists,1.342809,1.363892,1.18357,1.345979390790589,,,,,,,,,,
70,19-3092,Geographers,1.436298,1.363147,1.497411,1.436184963060372,geography,570.0,,,,,,,,
71,13-1141,"Compensation, Benefits, and Job Analysis Specialists",1.440985,1.361838,1.221435,1.4253663644463896,humanresources,128.0,,,,,,,,
72,11-3121,Human Resources Managers,1.320417,1.359222,0.9705216,1.3199841356206528,humanresources,128.0,,,,,,,,
73,13-2061,Financial Examiners,1.526064,1.357634,1.453391,1.4875686457550246,Compliance,2.6,,,,,,,,
74,13-1161,Market Research Analysts and Marketing Specialists,1.426757,1.356259,1.395936,1.412033393301621,Marketresearch,7.8,MarektingResearch,18.0,marketing,992.0,,,,
75,13-2071,Credit Counselors,1.385381,1.355321,0.9322733,1.377286288209675,,,,,,,,,,
76,21-2021,"Directors, Religious Activities and Education",1.210922,1.355036,0.759903,1.2533323989525456,,,,,,,,,,
77,27-3091,Interpreters and Translators,1.111319,1.351959,-0.0626596,1.1825803373628814,translator,178.0,,,,,,,,
78,41-9021,Real Estate Brokers,1.149681,1.348025,0.4538456,1.1996121236780162,RealEstate,1300.0,,,,,,,,
79,29-1127,Speech-Language Pathologists,1.146267,1.343344,0.2294094,1.1808393358630338,SpeechTherapyTech,2.4,,,,,,,,
80,25-1032,"Engineering Teachers, Postsecondary",1.351133,1.337249,1.163034,1.3545227558292632,Professors,133.0,AskEngineers,1400.0,,,,,,
81,11-3131,Training and Development Managers,1.284423,1.336838,1.199591,1.29773400601433,managers,56.0,management,35.0,,,,,,
82,43-4031,"Court, Municipal, and License Clerks",1.166267,1.3362,0.2678987,1.2247121266786183,,,,,,,,,,
83,25-2053,"Special Education Teachers, Middle School",1.296072,1.334401,1.025085,1.3124820253921146,Teachers,856.0,specialed,27.0,specialeducation,11.0,,,,
84,23-2011,Paralegals and Legal Assistants,1.292055,1.332659,1.015922,1.3240314152255732,paralegal,41.0,,,,,,,,
85,19-3011,Economists,1.403764,1.330122,1.298786,1.3906056067253623,Economics,4100.0,,,,,,,,
86,19-3039,"Psychologists, All Other",1.389854,1.329938,1.297099,1.368842008309594,psychology,2900.0,,,,,,,,
87,25-9031,Instructional Coordinators,1.301855,1.32382,1.276163,1.331710601404025,instructionaldesign,33.0,,,,,,,,
88,13-1151,Training and Development Specialists,1.198409,1.322911,0.9480624,1.232725565728954,Training,7.9,,,,,,,,
89,27-3042,Technical Writers,1.184001,1.316551,1.24417,1.2246566456579706,technicalwriting,29.0,,,,,,,,
90,11-9111,Medical and Health Services Managers,1.260259,1.314992,0.8518099,1.268175325771861,healthcareadmin,2.5,,,,,,,,
91,11-1011,Chief Executives,1.334246,1.308912,1.309602,1.3153513530460148,ceo,3.4,business,2100.0,managers,56.0,,,,
92,13-2031,Budget Analysts,1.502988,1.299968,1.326385,1.4556787580276986,Analyst,4.3,,,,,,,,
93,43-6013,Medical Secretaries,1.217982,1.2978,0.3935473,1.218865531938057,AdminAssistant,1.4,ExecutiveAssistants,22.0,,,,,,
94,11-3031,Financial Managers,1.446232,1.294551,1.330661,1.4051711042801918,managers,56.0,finance,2000.0,,,,,,
95,11-2022,Sales Managers,1.26628,1.293821,1.009998,1.2594431998664881,sales,314.0,managers,56.0,,,,,,
96,25-2022,"Middle School Teachers, Except Special and Career/Technical Education",1.286445,1.284328,1.010239,1.3022102338780348,Teachers,856.0,MiddleSchoolTeacher,3.0,,,,,,
97,19-1041,Epidemiologists,1.436287,1.284233,1.652554,1.405085133465706,epidemiology,22.0,,,,,,,,
98,19-3022,Survey Researchers,1.42653,1.278523,1.286781,1.3948286825368634,research,28.0,,,,,,,,
99,41-3041,Travel Agents,1.133598,1.278436,0.3339365,1.1436684109201403,travelagents,6.8,,,,,,,,
100,43-4131,Loan Interviewers and Clerks,1.364395,1.274213,1.018876,1.347541805284796,loanoriginators,15.0,,,,,,,,
101,13-2051,Financial Analysts,1.380615,1.272825,1.163871,1.3539021236933058,FinancialAnalyst,2.4,dataanalyst,15.0,dataanalysis,106.0,,,,
102,43-3011,Bill and Account Collectors,1.271991,1.270176,0.7641455,1.2817747368814123,,,,,,,,,,
103,13-2053,Insurance Underwriters,1.326652,1.261974,1.228716,1.3132332522093022,Underwriting,1.4,,,,,,,,
104,41-3031,"Securities, Commodities, and Financial Services Sales Agents",1.256298,1.2599,0.7731147,1.2706497294164676,sales,314.0,FinancialCareers,1100.0,,,,,,
105,19-2021,Atmospheric and Space Scientists,1.373917,1.259493,1.361813,1.3625239060408787,astrophysics,73.0,,,,,,,,
106,41-1012,First-Line Supervisors of Non-Retail Sales Workers,1.316195,1.258639,1.269502,1.296735885422215,managers,56.0,,,,,,,,
107,43-9041,Insurance Claims and Policy Processing Clerks,1.240201,1.257163,0.5369916,1.2527802622571214,InsuranceProfessional,14.0,InsuranceAgent,12.0,,,,,,
108,43-5011,Cargo and Freight Agents,1.405415,1.254537,1.237608,1.3833347439151247,FreightBrokers,28.0,,,,,,,,
109,43-6014,"Secretaries and Administrative Assistants, Except Legal, Medical, and Executive",1.099056,1.254248,0.2640257,1.136508815686755,ExecutiveAssistants,22.0,,,,,,,,
110,13-2081,"Tax Examiners and Collectors, and Revenue Agents",1.36682,1.253237,1.042565,1.3334023898904825,,,,,,,,,,
111,21-1023,Mental Health and Substance Abuse Social Workers,1.119216,1.253184,0.5553557,1.149678689769563,socialwork,85.0,,,,,,,,
112,13-2099,"Financial Specialists, All Other",1.361362,1.252594,1.221234,1.3563076375365626,FinancialCareers,1100.0,,,,,,,,
113,25-2031,"Secondary School Teachers, Except Special and Career/Technical Education",1.191325,1.248528,0.9338028,1.2100123083922405,Teachers,856.0,highschoolteachers,1.4,,,,,,
114,13-1011,"Agents and Business Managers of Artists, Performers, and Athletes",1.068559,1.247628,0.4296089,1.0865078695047563,,,,,,,,,,
115,25-1031,"Architecture Teachers, Postsecondary",1.222022,1.246342,1.322639,1.241451241315225,architecture,1500.0,,,,,,,,
116,43-2011,"Switchboard Operators, Including Answering Service",0.9832644,1.244421,-0.5394033,1.0044687525835927,,,,,,,,,,
117,15-2041,Statisticians,1.382724,1.243257,1.33496,1.3646693187975112,statistics,565.0,,,,,,,,
118,41-3099,"Sales Representatives, Services, All Other",1.302674,1.24178,0.9372596,1.2687283924082406,sales,314.0,,,,,,,,
119,11-9121,Natural Sciences Managers,1.327906,1.241343,1.313015,1.316838563624954,,,,,,,,,,
120,25-1054,"Physics Teachers, Postsecondary",1.044191,1.240154,0.3341306,1.0739089416972278,Teachers,856.0,,,,,,,,
121,15-2031,Operations Research Analysts,1.40002,1.233633,1.535044,1.350757761860282,OperationsResearch,5.9,,,,,,,,
122,27-3021,Broadcast News Analysts,1.163517,1.229622,0.8734694,1.1754150841025586,Broadcasting,8.5,,,,,,,,
123,25-1071,"Health Specialties Teachers, Postsecondary",0.924754,1.225631,0.0641654,0.9938937990076832,Professors,133.0,,,,,,,,
124,11-9151,Social and Community Service Managers,1.156153,1.225244,0.7898791,1.1548923978827728,,,,,,,,,,
125,11-2011,Advertising and Promotions Managers,1.294387,1.217224,1.614598,1.2764416063579356,advertising,181.0,,,,,,,,
126,11-9141,"Property, Real Estate, and Community Association Managers",1.215396,1.214595,1.054147,1.2192751155821333,RealEstate,1300.0,,,,,,,,
127,13-2011,Accountants and Auditors,1.481956,1.214001,1.572091,1.4271688393282924,Accounting,663.0,audit,4.5,,,,,,
128,21-1011,Substance Abuse and Behavioral Disorder Counselors,1.030841,1.203909,0.4818292,1.0797072025208105,,,,,,,,,,
129,11-2021,Marketing Managers,1.315032,1.203774,1.610358,1.2905173383107282,marketing,1000.0,managers,56.0,,,,,,
130,43-4141,New Accounts Clerks,1.174998,1.200969,0.3843769,1.157649488137306,,,,,,,,,,
131,15-2011,Actuaries,1.516474,1.199589,1.636606,1.4399667800290532,actuary,48.0,,,,,,,,
132,11-9032,"Education Administrators, Elementary and Secondary School",1.048811,1.199449,0.617483,1.0857364175360198,Principals,2.1,Teachers,856.0,,,,,,
133,21-1012,"Educational, Guidance, School, and Vocational Counselors",0.9739287,1.196385,0.428781,1.027347416373339,,,,,,,,,,
134,31-9094,Medical Transcriptionists,1.06259,1.196181,0.062879,1.0849340340343518,Transcription,5.0,,,,,,,,
135,27-3041,Editors,1.128221,1.190631,1.229132,1.15969363262174,editors,127.0,,,,,,,,
136,43-4021,Correspondence Clerks,1.149758,1.184181,0.7082393,1.156484151460095,,,,,,,,,,
137,27-3043,Writers and Authors,0.9879274,1.170131,1.170022,1.092355347576878,writers,212.0,Writer,7.0,authors,11.0,,,,
138,19-1042,"Medical Scientists, Except Epidemiologists",1.279928,1.167239,1.327314,1.243765739175861,medicine,476.0,medicalschool,730.0,,,,,,
139,15-2021,Mathematicians,1.472319,1.166233,1.904705,1.387085806055938,mathematics,133.0,math,2800.0,,,,,,
140,15-1133,"Software Developers, Systems Software",1.283308,1.165808,1.398085,1.2445211032155374,softwaredevelopment,86.0,SoftwareEngineering,99.0,software,224.0,programming,6100.0,coding,592.0
141,43-3051,Payroll and Timekeeping Clerks,1.257632,1.155485,0.782409,1.2409351047083312,Payroll,6.0,,,,,,,,
142,25-1041,"Agricultural Sciences Teachers, Postsecondary",0.7546685,1.15419,-0.2898228,0.8319827929595369,ScienceTeachers,41.0,,,,,,,,
143,43-6012,Legal Secretaries,1.014541,1.149438,0.4807182,1.053804828993111,legal,180.0,,,,,,,,
144,29-1065,"Pediatricians, General",1.126144,1.146142,0.7513968,1.109628501970976,pediatrics,10.0,,,,,,,,
145,13-2082,Tax Preparers,1.29371,1.143748,1.039527,1.2407919319959948,Accounting,663.0,Bookkeeping,37.0,,,,,,
146,43-3021,Billing and Posting Clerks,1.333455,1.135705,1.02969,1.2821252312568319,,,,,,,,,,
147,43-1011,First-Line Supervisors of Office and Administrative Support Workers,1.038688,1.134282,0.6262324,1.059558625186286,managers,56.0,,,,,,,,
148,13-1051,Cost Estimators,1.367669,1.13408,1.477924,1.3186327512230076,,,,,,,,,,
149,43-5032,"Dispatchers, Except Police, Fire, and Ambulance",1.234523,1.128045,1.069298,1.20564462479753,,,,,,,,,,
150,19-4061,Social Science Research Assistants,1.204652,1.125941,1.261533,1.2157686778975543,GradSchool,627.0,,,,,,,,
151,27-3011,Radio and Television Announcers,0.8493547,1.123739,0.0570952,0.8972360738812621,Broadcasting,8.5,Journalism,68.0,,,,,,
152,41-3011,Advertising Sales Agents,1.162588,1.122101,1.129713,1.164714140657892,,,,,,,,,,
153,17-2011,Aerospace Engineers,1.338738,1.11685,1.711465,1.2925601460987248,AerospaceEngineering,84.0,AskEngineers,1400.0,,,,,,
154,29-1062,Family and General Practitioners,1.031925,1.115116,0.4508497,1.0177396605955404,FamilyMedicine,34.0,,,,,,,,
155,13-1031,"Claims Adjusters, Examiners, and Investigators",1.274024,1.106198,1.286114,1.2445295721920266,ClaimsAdjuster,1.6,adjusters,7.4,,,,,,
156,43-6011,Executive Secretaries and Executive Administrative Assistants,1.079643,1.106018,0.6545269,1.092581614879616,ExecutiveAssistants,22.0,,,,,,,,
157,19-2012,Physicists,1.345736,1.096606,1.79089,1.2854512058473386,Physics,2600.0,PhysicsStudents,88.0,,,,,,
158,21-1022,Healthcare Social Workers,0.9339648,1.093619,0.4141309,0.975130577468908,socialwork,85.0,,,,,,,,
159,13-2041,Credit Analysts,1.345268,1.092495,1.176388,1.2691419830671353,,,,,,,,,,
160,19-3099,"Social Scientists and Related Workers, All Other",1.328048,1.084824,1.902576,1.2831634525750892,socialscience,34.0,,,,,,,,
161,13-1081,Logisticians,1.297303,1.081353,1.568699,1.2636248204826395,logistics,33.0,,,,,,,,
162,43-4051,Customer Service Representatives,0.9562519,1.075894,0.415471,1.0694001270556388,CustomerService,27.0,,,,,,,,
163,19-3051,Urban and Regional Planners,1.227516,1.07547,1.641768,1.19594466173383,urbanplanning,200.0,,,,,,,,
164,17-2161,Nuclear Engineers,1.303009,1.07307,1.556566,1.251900606672346,NuclearEngineering,1.6,AskEngineers,1400.0,,,,,,
165,39-6012,Concierges,0.855832,1.070776,0.1186706,0.8942518752041347,,,,,,,,,,
166,43-9111,Statistical Assistants,1.389965,1.052958,1.791101,1.3442399617646896,statistics,565.0,,,,,,,,
167,15-1121,Computer Systems Analysts,1.19815,1.045816,1.514344,1.158863745050465,,,,,,,,,,
168,15-1122,Information Security Analysts,1.250146,1.044709,1.609097,1.2063832057768844,Information_Security,24.0,,,,,,,,
169,17-2081,Environmental Engineers,1.343561,1.043951,1.889765,1.2799907689354655,EnvironmentalEngineer,6.6,AskEngineers,1400.0,,,,,,
170,15-1199,"Computer Occupations, All Other",1.232705,1.043586,1.596393,1.2295294773693448,InformationTechnology,44.0,,,,,,,,
171,41-4012,"Sales Representatives, Wholesale and Manufacturing, Except Technical and Scientific Products",0.8224681,1.039019,0.1783165,0.8629374245481491,sales,314.0,,,,,,,,
172,19-2011,Astronomers,1.373737,1.034772,2.128327,1.321220462753237,Astronomy,2900.0,,,,,,,,
173,17-2171,Petroleum Engineers,1.247779,1.03314,1.576132,1.2044358567511322,petroleumengineers,2.2,,,,,,,,
174,43-4171,Receptionists and Information Clerks,1.013186,1.032934,0.4573164,1.0102046197200583,AdminAssistant,1.4,,,,,,,,
175,27-2041,Music Directors and Composers,0.8829641,1.03168,0.0180142,0.938685179476137,composer,84.0,,,,,,,,
176,17-2151,"Mining and Geological Engineers, Including Mining Safety Engineers",1.34695,1.031417,1.985159,1.2915178593231877,Geoengineering,2.5,mining,36.0,AskEngineers,1400.0,,,,
177,43-4011,Brokerage Clerks,1.144877,1.026384,0.737874,1.1057026772847838,,,,,,,,,,
178,41-9031,Sales Engineers,1.145416,1.025903,1.335098,1.1088042872519048,salesengineers,,,,,,,,,
179,15-1131,Computer Programmers,1.271506,1.024722,1.673063,1.2127732718400472,softwaredevelopment,86.0,SoftwareEngineering,99.0,software,224.0,programming,6100.0,coding,592.0
180,25-2021,"Elementary School Teachers, Except Special Education",0.8869491,1.016625,0.5713763,0.9178289049599097,Teachers,856.0,,,,,,,,
181,39-1011,Gaming Supervisors,1.128203,1.015314,0.9604976,1.1224816579671506,,,,,,,,,,
182,25-1121,"Art, Drama, and Music Teachers, Postsecondary",0.7582769,1.007435,0.5330274,0.8164062833408856,Teachers,856.0,,,,,,,,
183,29-1063,"Internists, General",1.046167,1.001316,0.9108477,1.0168512323570962,InternalMedicine,11.0,,,,,,,,
184,25-2054,"Special Education Teachers, Secondary School",0.9587653,0.9999323,0.7589721,0.9839456538504013,specialed,27.0,,,,,,,,
185,15-1141,Database Administrators,1.284863,0.9959827,1.729621,1.2124709314732047,DatabaseAdministrators,2.1,Database,54.0,,,,,,
186,25-4021,Librarians,1.037039,0.9777895,1.042678,1.037941933965966,librarians,34.0,,,,,,,,
187,17-2061,Computer Hardware Engineers,1.141812,0.9768626,1.560401,1.0842360018719877,ComputerHardware,1.3,AskEngineers,1400.0,,,,,,
188,19-1011,Animal Scientists,1.041358,0.9717278,1.120173,1.0286571154523791,veterinaryprofession,20.0,animalscience,2.1,,,,,,
189,21-1091,Health Educators,0.691658,0.9684216,0.0829808,0.7442889000257076,,,,,,,,,,
190,15-1111,Computer and Information Research Scientists,1.154269,0.968235,1.630247,1.089490102916349,,,,,,,,,,
191,11-9031,"Education Administrators, Preschool and Childcare Center/Program",0.838007,0.9671877,0.4257523,0.8740866363770914,Principals,2.1,,,,,,,,
192,21-1021,"Child, Family, and School Social Workers",0.7761707,0.9571291,0.1975366,0.8233974002853217,socialwork,85.0,,,,,,,,
193,41-4011,"Sales Representatives, Wholesale and Manufacturing, Technical and Scientific Products",0.8911985,0.9530722,0.6750216,0.9604960165833625,sales,314.0,,,,,,,,
194,11-3021,Computer and Information Systems Managers,1.059853,0.9450699,1.275466,1.0224858649678268,InformationTechnology,44.0,,,,,,,,
195,27-4013,Radio Operators,0.926126,0.9408438,0.0623294,0.8953472890073673,radio,15.0,,,,,,,,
196,25-2052,"Special Education Teachers, Kindergarten and Elementary School",0.7357486,0.9371846,-0.0519503,0.7797060160998326,specialed,27.0,,,,,,,,
197,17-2051,Civil Engineers,1.282867,0.9267973,1.97666,1.2107651305138931,civilengineering,134.0,AskEngineers,1400.0,,,,,,
198,13-1199,"Business Operations Specialists, All Other",1.047687,0.92503,1.221236,1.1705726063939057,,,,,,,,,,
199,19-2099,"Physical Scientists, All Other",1.140157,0.9125224,1.583537,1.082729289543912,scientificresearch,7.5,,,,,,,,
200,43-9061,"Office Clerks, General",0.9888986,0.9108539,0.6237696,0.9730503700510573,,,,,,,,,,
201,11-9199,"Managers, All Other",0.9646872,0.9099647,0.9635357,1.0728300431326234,managers,56.0,,,,,,,,
202,17-2041,Chemical Engineers,1.341336,0.9060193,2.256071,1.249246983724854,ChemicalEngineering,97.0,,,,,,,,
203,17-2112,Industrial Engineers,1.13787,0.9050576,1.485018,1.117626008147674,industrialengineering,16.0,,,,,,,,
204,11-3071,"Transportation, Storage, and Distribution Managers",0.8907923,0.9045479,0.7731217,1.0047012911564235,,,,,,,,,,
205,23-2091,Court Reporters,0.835246,0.9032798,-0.2605577,0.8239609196276877,courtreporting,2.3,,,,,,,,
206,17-2071,Electrical Engineers,1.126725,0.901124,1.509961,1.0642272276941198,ElectricalEngineering,217.0,AskEngineers,1400.0,,,,,,
207,11-9161,Emergency Management Directors,1.030768,0.901037,1.404248,1.0021274628627033,EmergencyManagement,7.5,,,,,,,,
208,21-1092,Probation Officers and Correctional Treatment Specialists,0.5272448,0.896767,-0.4557452,0.5963041036034115,Corrections,1.5,,,,,,,,
209,19-1029,"Biological Scientists, All Other",1.010193,0.8829154,1.285429,1.0069833712000378,biology,4000.0,,,,,,,,
210,15-1132,"Software Developers, Applications",1.200923,0.8815646,1.775754,1.1087930057507955,softwaredevelopment,86.0,SoftwareEngineering,99.0,software,224.0,programming,6100.0,coding,592.0
211,19-2041,"Environmental Scientists and Specialists, Including Health",1.014113,0.8702797,1.228774,1.0885680313523798,environmental_science,57.0,,,,,,,,
212,11-9131,Postmasters and Mail Superintendents,0.8233757,0.8657041,0.4705282,0.8417063294124217,usps,121.0,,,,,,,,
213,27-2012,Producers and Directors,0.9388108,0.8597838,1.20628,0.9682760531036515,directors,8.8,,,,,,,,
214,17-1012,Landscape Architects,1.034388,0.8363757,1.780483,0.9789521899878558,LandscapeArchitecture,44.0,,,,,,,,
215,21-1015,Rehabilitation Counselors,0.5025014,0.8346704,-0.2823645,0.5895811493075546,rehabtherapy,5.6,,,,,,,,
216,25-3021,Self-Enrichment Education Teachers,0.526352,0.824783,-0.0407148,0.5923409047939455,,,,,,,,,,
217,27-1025,Interior Designers,1.12168,0.8219336,2.420953,1.0719958169505754,InteriorDesign,861.0,,,,,,,,
218,43-3031,"Bookkeeping, Accounting, and Auditing Clerks",1.039749,0.8181121,0.7600526,0.9885110634512658,Accounting,663.0,Bookkeeping,37.0,,,,,,
219,19-1021,Biochemists and Biophysicists,0.9060509,0.7935216,1.209346,0.8642923805777991,Biochemistry,107.0,,,,,,,,
220,13-1022,"Wholesale and Retail Buyers, Except Farm Products",0.8188258,0.7911764,0.6688566,0.8079607954888824,,,,,,,,,,
221,15-1134,Web Developers,1.089463,0.7887872,1.76461,1.0094856773927166,softwaredevelopment,86.0,SoftwareEngineering,99.0,software,224.0,programming,6100.0,coding,592.0
222,19-2032,Materials Scientists,1.032757,0.7858083,1.592698,0.9643782205502733,MaterialsScience,6.8,,,,,,,,
223,25-9021,Farm and Home Management Advisors,0.8604031,0.7838627,0.9960752,0.8366133000816839,,,,,,,,,,
224,17-2131,Materials Engineers,1.037278,0.7804771,1.577531,0.9661668389980324,AskEngineers,1400.0,,,,,,,,
225,43-5031,"Police, Fire, and Ambulance Dispatchers",0.9074452,0.7743953,0.5620914,0.856467733667532,,,,,,,,,,
226,27-3012,Public Address System and Other Announcers,0.6650665,0.7731112,0.0659943,0.6997674131302909,,,,,,,,,,
227,11-3011,Administrative Services Managers,0.7398278,0.7681937,0.5163846,0.7426966384702406,,,,,,,,,,
228,17-2111,"Health and Safety Engineers, Except Mining Safety Engineers and Inspectors",0.9948935,0.7644105,1.574516,1.0287916915427162,SafetyProfessionals,9.7,,,,,,,,
229,43-4151,Order Clerks,0.8388861,0.761112,0.5277651,0.8230962397024738,,,,,,,,,,
230,25-9041,Teacher Assistants,0.4516636,0.7475703,-0.3547263,0.5244759941425646,,,,,,,,,,
231,25-1072,"Nursing Instructors and Teachers, Postsecondary",0.5170682,0.74384,-0.1245647,0.564097176429397,Teachers,856.0,,,,,,,,
232,19-3091,Anthropologists and Archeologists,0.6965665,0.7388214,0.8613545,0.8782748121759608,Anthropology,140.0,Archeology,245.0,,,,,,
233,13-1021,"Buyers and Purchasing Agents, Farm Products",0.7687054,0.736816,0.6206006,0.7622578913700404,,,,,,,,,,
234,39-7011,Tour Guides and Escorts,0.357096,0.7355828,-0.5738792,0.45420863677841367,Tourguide,1.2,,,,,,,,
235,17-2031,Biomedical Engineers,0.9874239,0.7338057,1.651616,0.9128210400995426,BiomedicalEngineers,15.0,,,,,,,,
236,27-1011,Art Directors,1.02251,0.727281,2.24891,0.9497743740341386,,,,,,,,,,
237,11-9071,Gaming Managers,0.8299207,0.7192592,0.7312038,0.8275885347609729,,,,,,,,,,
238,43-4081,"Hotel, Motel, and Resort Desk Clerks",0.6063127,0.7106003,0.0709665,0.6189555769098121,,,,,,,,,,
239,39-9041,Residential Advisors,0.4746119,0.7105829,-0.1985333,0.5331425284386828,,,,,,,,,,
240,41-9022,Real Estate Sales Agents,0.8649445,0.7012568,1.148021,0.8481563256547577,RealEstate,1300.0,,,,,,,,
241,29-1181,Audiologists,0.6329063,0.6955392,0.0039067,0.6096003920600409,audiology,10.0,,,,,,,,
242,25-4011,Archivists,0.6765602,0.6928958,0.8721994,0.7113974887333223,Archivists,14.0,,,,,,,,
243,17-2021,Agricultural Engineers,0.9409636,0.6895172,1.42221,0.8853106608377492,AskEngineers,1400.0,,,,,,,,
244,29-1199,"Health Diagnosing and Treating Practitioners, All Other",0.7109566,0.6788277,0.652581,0.7174626450399372,,,,,,,,,,
245,17-2141,Mechanical Engineers,1.004709,0.6780269,1.627791,0.9439004884111949,AskEngineers,1400.0,MechanicalEngineering,132.0,,,,,,
246,11-1021,General and Operations Managers,0.5748773,0.6776147,0.2318839,0.6026290886912667,managers,56.0,,,,,,,,
247,17-3012,Electrical and Electronics Drafters,0.910166,0.675525,1.558872,0.8617972156259157,,,,,,,,,,
248,19-1020,Biologists,0.752081,0.6616595,1.012807,0.7330102505184015,biology,4000.0,,,,,,,,
249,43-5061,"Production, Planning, and Expediting Clerks",0.6999103,0.6614221,0.6193143,0.689151236739722,production,4.7,,,,,,,,
250,27-4032,Film and Video Editors,0.985707,0.6566918,1.970338,0.9093309966351337,production,4.7,editors,127.0,,,,,,
251,15-1152,Computer Network Support Specialists,0.7860606,0.6566319,1.019627,0.7415110376760973,,,,,,,,,,
252,25-4012,Curators,0.7366658,0.6558576,1.287197,0.7344428974452135,,,,,,,,,,
253,25-2051,"Special Education Teachers, Preschool",0.3750564,0.6546578,-0.3037643,0.43887080064081496,specialed,27.0,Teachers,866.0,,,,,,
254,25-2012,"Kindergarten Teachers, Except Special Education",0.3644047,0.6531022,-0.3340585,0.43608824576807165,Teachers,866.0,,,,,,,,
255,53-2021,Air Traffic Controllers,1.152798,0.647652,1.893165,1.0550001146597592,airtrafficcontrol,2.3,,,,,,,,
256,11-9041,Architectural and Engineering Managers,0.8370105,0.647411,1.326039,0.8439037645810881,architecture,1500.0,architects,30.0,,,,,,
257,25-2023,"Career/Technical Education Teachers, Middle School",0.5199191,0.6469598,0.1340808,0.5471748808410005,Teachers,866.0,,,,,,,,
258,11-9021,Construction Managers,1.029139,0.6361951,1.857085,0.9606230538525581,ConstructionManagers,17.0,,,,,,,,
259,13-2021,Appraisers and Assessors of Real Estate,0.8413203,0.6279358,1.184728,0.8218084247367508,appraisal,6.3,,,,,,,,
260,39-1021,First-Line Supervisors of Personal Service Workers,0.4303075,0.6279178,-0.1535282,0.4742318825104334,managers,56.0,,,,,,,,
261,11-9039,"Education Administrators, All Other",0.3541265,0.6278906,-0.1519331,0.6217988510779803,Principals,2.1,,,,,,,,
262,29-1069,"Physicians and Surgeons, All Other",0.7086123,0.6186871,0.8373072,0.7743426445802484,surgery,42.0,doctors,15.0,,,,,,
263,33-9021,Private Detectives and Investigators,0.7483108,0.6147625,0.9329001,0.723459010423236,PrivateInvestigator,3.8,,,,,,,,
264,17-1011,"Architects, Except Landscape and Naval",1.047142,0.6103589,2.38871,0.951002668396972,architecture,1500.0,architects,30.0,,,,,,
265,19-1013,Soil and Plant Scientists,0.6320696,0.6091695,0.8037223,0.6244185318550483,plantScience,1.6,,,,,,,,
266,29-9011,Occupational Health and Safety Specialists,0.8349371,0.5978742,1.226232,0.7935274576064166,SafetyProfessionals,9.7,,,,,,,,
267,13-1032,"Insurance Appraisers, Auto Damage",0.6634955,0.5820833,0.6973804,0.6548910171389684,,,,,,,,,,
268,17-2199,"Engineers, All Other",0.787566,0.5808077,1.212927,0.7935946489626974,AskEngineers,1400.0,,,,,,,,
269,27-2011,Actors,0.1590935,0.5784018,-0.4134647,0.28247468513709534,Actors,7.4,,,,,,,,
270,19-1012,Food Scientists and Technologists,0.7943575,0.5725463,1.12874,0.7213768845180444,foodscience,33.0,,,,,,,,
271,13-1041,Compliance Officers,0.6981205,0.5718207,0.8251011,0.7833937928634563,compliance,2.6,,,,,,,,
272,29-1051,Pharmacists,0.6058705,0.5705959,0.4775843,0.5903000749662127,pharmacy,163.0,pharmacology,28.0,PharmacySchool,13.0,PharmacyTechnician,54.0,,
273,19-2042,"Geoscientists, Except Hydrologists and Geographers",0.7143481,0.5673001,1.056944,0.6834067888858844,geoscience,5.1,,,,,,,,
274,27-1021,Commercial and Industrial Designers,0.867039,0.5598583,1.973451,0.7822285172892192,IndustrialDesign,131.0,,,,,,,,
275,21-1093,Social and Human Service Assistants,0.4652255,0.5573961,0.0715957,0.4905193443691303,socialwork,85.0,,,,,,,,
276,19-2043,Hydrologists,0.6405071,0.5548691,0.8979447,0.6246664664430744,Hydrology,9.2,,,,,,,,
277,17-3011,Architectural and Civil Drafters,0.9233925,0.5538733,1.901938,0.8611427089728998,architecture,1500.0,architects,30.0,,,,,,
278,29-1081,Podiatrists,0.6279185,0.5537257,0.6519169,0.5768159813124382,Podiatry,5.0,,,,,,,,
279,17-3022,Civil Engineering Technicians,0.9323219,0.5532153,1.676103,0.8500321685676084,civilengineering,134.0,,,,,,,,
280,39-7012,Travel Guides,0.6083829,0.552707,0.6071175,0.583211102562449,travelagents,6.8,TravelAgent,2.1,,,,,,
281,29-2071,Medical Records and Health Information Technicians,0.5738765,0.5524089,0.5293298,0.5624070176859979,,,,,,,,,,
282,27-1024,Graphic Designers,0.7156958,0.5274013,1.917304,0.6616153079659183,graphic_design,1800.0,GraphicDesigning,19.0,,,,,,
283,13-1121,"Meeting, Convention, and Event Planners",0.3740207,0.5130678,0.1992509,0.4047718131006993,EventPlanners,4.2,,,,,,,,
284,27-1022,Fashion Designers,0.5801539,0.5077618,1.301089,0.5480160540169526,fashiondesigner,11.0,,,,,,,,
285,43-9022,Word Processors and Typists,0.6219606,0.5072381,0.5258988,0.5846619289562496,,,,,,,,,,
286,43-3041,Gaming Cage Workers,0.4026518,0.4955334,-0.5270686,0.4102970058297408,,,,,,,,,,
287,15-1143,Computer Network Architects,0.5803306,0.4954185,0.8933583,0.6401331649349009,,,,,,,,,,
288,15-1142,Network and Computer Systems Administrators,0.7895315,0.4749538,1.475651,0.7008852900965484,InformationTechnology,44.0,,,,,,,,
289,19-1022,Microbiologists,0.6955647,0.4742087,1.220069,0.6242148492249352,microbiology,134.0,,,,,,,,
290,17-1021,Cartographers and Photogrammetrists,0.8169979,0.4723189,1.698504,0.7472893848856642,cartography,15.0,,,,,,,,
291,11-9081,Lodging Managers,0.4021726,0.4639851,0.205306,0.412114572262919,,,,,,,,,,
292,29-2092,Hearing Aid Specialists,0.5648953,0.4584805,0.4181466,0.5116053978974933,HearingAids,12.0,,,,,,,,
293,17-2072,"Electronics Engineers, Except Computer",0.6654578,0.4569179,1.105018,0.6200187799774961,AskEngineers,1400.0,,,,,,,,
294,15-2091,Mathematical Technicians,0.7559803,0.438215,0.3348509,0.6034295707952134,mathematics,133.0,,,,,,,,
295,33-9031,Gaming Surveillance Officers and Gaming Investigators,0.7283933,0.4327424,1.110919,0.7050614293320678,,,,,,,,,,
296,27-1014,Multimedia Artists and Animators,0.7058651,0.4317718,1.844584,0.6318144329258822,animationcareer,45.0,,,,,,,,
297,43-3071,Tellers,0.4727723,0.4310685,-0.0573272,0.43822140902314843,,,,,,,,,,
298,43-4181,Reservation and Transportation Ticket Agents and Travel Clerks,0.227312,0.4228141,-0.5221337,0.26851044883872993,travelagents,6.8,TravelAgent,2.1,,,,,,
299,25-2032,"Career/Technical Education Teachers, Secondary School",0.3734505,0.4222647,0.1890819,0.37221769930376164,Teachers,866.0,,,,,,,,
300,51-8011,Nuclear Power Reactor Operators,0.7705302,0.408817,1.211374,0.6709761235965426,NuclearEngineering,1.6,AskEngineers,1400.0,,,,,,
301,43-9011,Computer Operators,0.7040519,0.4078978,1.143675,0.6290113813263393,,,,,,,,,,
302,29-1125,Recreational Therapists,0.2190109,0.4009678,-0.2381101,0.267747082514447,recreationaltherapy,1.3,,,,,,,,
303,25-1194,"Vocational Education Teachers, Postsecondary",0.1622185,0.3901885,-0.3571235,0.2034058330712393,Teachers,866.0,Professors,133.0,,,,,,
304,17-3013,Mechanical Drafters,0.8410071,0.3818422,1.985666,0.728473402854417,cad,55.0,,,,,,,,
305,39-3012,Gaming and Sports Book Writers and Runners,0.4652752,0.365378,0.189718,0.4361039531843353,,,,,,,,,,
306,29-1064,Obstetricians and Gynecologists,0.2803215,0.3644282,-0.0841717,0.26393852785209243,ObstetricsGynecology,1.0,,,,,,,,
307,41-2031,Retail Salespersons,0.0873069,0.3573965,-0.7188671,0.1364010849906475,retail,23.0,,,,,,,,
308,11-3051,Industrial Production Managers,0.5086878,0.3542972,0.6547023,0.5011319584859371,managers,56.0,,,,,,,,
309,17-3026,Industrial Engineering Technicians,0.6106679,0.3474347,1.199434,0.5359488185543844,industrialengineering,16.0,AskEngineers,1400.0,,,,,,
310,17-2121,Marine Engineers and Naval Architects,0.5472173,0.3434475,1.18623,0.5632699909123228,MarineEngineering,3.8,AskEngineers,1400.0,,,,,,
311,27-4014,Sound Engineering Technicians,0.4715462,0.3384944,0.4526318,0.40947484316864263,SoundEngineering,6.1,AskEngineers,1400.0,,,,,,
312,11-9061,Funeral Service Managers,0.3719018,0.336732,0.4026054,0.3759680948779738,FuneralDirector,2.0,,,,,,,,
313,41-9011,Demonstrators and Product Promoters,0.1235652,0.334189,-0.3426091,0.18343709010855916,sales,314.0,,,,,,,,
314,29-9012,Occupational Health and Safety Technicians,0.3996866,0.3289637,0.5103973,0.3912422552038707,SafetyProfessionals,9.7,,,,,,,,
315,19-1023,Zoologists and Wildlife Biologists,0.3175953,0.3266713,0.3152029,0.32944484823976483,zoology,56.0,,,,,,,,
316,19-2031,Chemists,0.5011251,0.3266484,0.8051209,0.4440374658018602,chemistry,2700.0,,,,,,,,
317,15-1151,Computer User Support Specialists,0.299343,0.3261741,0.2546799,0.29180279843696344,,,,,,,,,,
318,25-2011,"Preschool Teachers, Except Special Education",0.0306372,0.3222551,-0.4272635,0.09926081673770921,Teachers,866.0,,,,,,,,
319,27-2022,Coaches and Scouts,0.1168668,0.3188508,0.0731837,0.1804641999470955,,,,,,,,,,
320,29-1128,Exercise Physiologists,-0.0331901,0.3066196,-0.8104935,0.031587231109204444,exercisescience,4.4,,,,,,,,
321,29-1161,Nurse Midwives,0.1966265,0.3052241,-0.1239847,0.20989759476009726,Midwives,13.0,Midwifery,2.7,,,,,,
322,29-1171,Nurse Practitioners,0.1900572,0.3016596,-0.2782108,0.1971811281853051,Nurse,85.0,nursepractitioner,38.0,,,,,,
323,27-2042,Musicians and Singers,-0.0040058,0.2904993,-1.082056,0.15065862089422496,musicproduction,406.0,musicians,83.0,musicindustry,17.0,,,,
324,39-3093,"Locker Room, Coatroom, and Dressing Room Attendants",-0.3454376,0.2794888,-1.908043,-0.19615430482824772,,,,,,,,,,
325,29-9099,"Healthcare Practitioners and Technical Workers, All Other",0.2295568,0.2785947,-0.1345279,0.2162093701651202,healthcare,88.0,healthcareadmin,2.5,,,,,,
326,43-4121,"Library Assistants, Clerical",0.2038919,0.2762258,-0.1322406,0.24202941719682783,librarians,34.0,,,,,,,,
327,29-1141,Registered Nurses,0.2294097,0.2723904,-0.0482808,0.3180721968223332,RegisteredNurses,3.6,nursing,692.0,NursingStudents,31.0,,,,
328,25-9011,Audio-Visual and Multimedia Collections Specialists,0.4508702,0.272109,1.145717,0.41748506718797984,audiovisual,3.2,,,,,,,,
329,29-1122,Occupational Therapists,0.1151615,0.2657048,-0.1082611,0.15572336255933644,OccupationalTherapy,36.0,,,,,,,,
330,51-8012,Power Distributors and Dispatchers,0.5012214,0.2565828,0.9828096,0.4424348983513382,,,,,,,,,,
331,31-9099,"Healthcare Support Workers, All Other",0.1660077,0.2520649,-0.224627,0.3744290728298144,healthcare,88.0,healthcareadmin,2.5,,,,,,
332,53-2022,Airfield Operations Specialists,0.4845738,0.2457533,1.109918,0.4485605410401679,airtrafficcontrol,2.3,,,,,,,,
333,43-4071,File Clerks,0.2839743,0.2403003,0.5374383,0.28674685544675943,,,,,,,,,,
334,31-9092,Medical Assistants,0.1497917,0.2356488,-0.2574331,0.1590337625287519,physicianassistant,75.0,,,,,,,,
335,29-1061,Anesthesiologists,0.2349698,0.211804,-0.0883932,0.19321797083589465,anesthesiology,39.0,,,,,,,,
336,41-1011,First-Line Supervisors of Retail Sales Workers,0.0191826,0.2011382,-0.5034398,0.053101882554819506,managers,56.0,,,,,,,,
337,17-3021,Aerospace Engineering and Operations Technicians,0.3909402,0.2007942,0.6987672,0.33241059737061407,AerospaceEngineering,84.0,,,,,,,,
338,29-1041,Optometrists,0.5040194,0.2003319,1.061376,0.40085730313490714,optometry,40.0,,,,,,,,
339,35-9031,"Hosts and Hostesses, Restaurant, Lounge, and Coffee Shop",-0.0565477,0.1821651,-0.9270184,0.007209229737696073,Serverlife,241.0,,,,,,,,
340,25-4031,Library Technicians,0.037965,0.1795232,-0.3987023,0.08745721163163292,librarians,34.0,,,,,,,,
341,19-4099,"Life, Physical, and Social Science Technicians, All Other",0.4501044,0.176155,1.0026,0.42575226029319696,Teachers,866.0,,,,,,,,
342,43-9021,Data Entry Keyers,0.3108081,0.1723307,0.2936253,0.27139551423987496,,,,,,,,,,
343,33-3021,Detectives and Criminal Investigators,0.2257696,0.1511265,0.4080757,0.30689144247117545,police,84.0,,,,,,,,
344,41-2021,Counter and Rental Clerks,0.0784367,0.1427099,-0.4233016,0.09347133631177094,,,,,,,,,,
345,53-1021,"First-Line Supervisors of Helpers, Laborers, and Material Movers, Hand",0.1160332,0.1384267,-0.087736,0.16243447644507183,,,,,,,,,,
346,21-1094,Community Health Workers,0.0371229,0.1347507,-0.1673761,0.039404892696966155,,,,,,,,,,
347,29-1151,Nurse Anesthetists,0.2413191,0.1344116,0.2385611,0.19234020879547348,RegisteredNurses,3.6,nursing,692.0,NursingStudents,31.0,,,,
348,19-4021,Biological Technicians,0.3012355,0.1328288,0.6145548,0.250325481805008,,,,,,,,,,
349,53-6041,Traffic Technicians,0.3995872,0.1289119,1.031206,0.3383419912829701,,,,,,,,,,
350,29-2091,Orthotists and Prosthetists,0.066577,0.1256412,0.1370207,0.05568269016871243,,,,,,,,,,
351,39-9032,Recreation Workers,-0.2441154,0.0970085,-0.7991995,-0.14655777517225743,,,,,,,,,,
352,29-2057,Ophthalmic Medical Technicians,0.078734,0.0829021,-0.0545861,0.065003914820608,,,,,,,,,,
353,17-3023,Electrical and Electronic Engineering Technicians,0.3515252,0.0780005,0.9983063,0.2932339546699456,ElectricalEngineering,217.0,AskEngineers,1400.0,,,,,,
354,19-1031,Conservation Scientists,0.0690313,0.0744339,0.243842,0.08599809281005728,conservation,51.0,,,,,,,,
355,53-1031,First-Line Supervisors of Transportation and Material-Moving Machine and Vehicle Operators,0.1466245,0.0677804,0.3555912,0.12498903461086354,,,,,,,,,,
356,47-4011,Construction and Building Inspectors,0.2860245,0.0676731,0.9720325,0.25837843476621086,BuildingCodes,5.7,,,,,,,,
357,11-9051,Food Service Managers,-0.1213112,0.0614931,-0.710209,-0.10354274261826928,FoodService,1.7,Serverlife,241.0,,,,,,
358,29-1011,Chiropractors,-0.1911757,0.0516267,-0.7665408,-0.15555511883182513,Chiropractic,18.0,,,,,,,,
359,29-1071,Physician Assistants,0.1059147,0.0402409,0.0540946,0.09186060182847826,physicianassistant,75.0,,,,,,,,
360,39-3011,Gaming Dealers,0.0605832,0.0302909,-0.3150091,0.03592540016126474,,,,,,,,,,
361,29-2081,"Opticians, Dispensing",0.1013966,0.0285751,0.2673772,0.05192859216350558,optician,2.7,,,,,,,,
362,39-1012,Slot Supervisors,-0.1370162,0.0270202,-0.8947245,-0.10248088938902275,,,,,,,,,,
363,29-1023,Orthodontists,0.1616631,0.0205331,0.4516238,0.07392901794247136,orthodontics,5.0,,,,,,,,
364,19-4092,Forensic Science Technicians,0.2400518,0.0103722,0.9275115,0.20025299762724813,forensics,47.0,,,,,,,,
365,29-2053,Psychiatric Technicians,-0.2203484,-0.0011,-0.6648577,-0.17097520537306898,Psychiatry,123.0,,,,,,,,
366,51-5111,Prepress Technicians and Workers,0.4107973,-0.0014732,1.556171,0.2900550080100222,,,,,,,,,,
367,45-2011,Agricultural Inspectors,0.1704867,-0.0081121,0.5068775,0.13703548568820798,,,,,,,,,,
368,41-2022,Parts Salespersons,-0.1184909,-0.0136432,-0.4396567,-0.0874493588136983,314,,,,,,,,,
369,33-9099,"Protective Service Workers, All Other",0.0764088,-0.017191,0.213176,0.07464837595557629,,,,,,,,,,
370,29-2033,Nuclear Medicine Technologists,0.0855276,-0.0226015,0.2562446,0.043536204375895116,NuclearMedicine,3.5,,,,,,,,
371,29-2052,Pharmacy Technicians,0.0070256,-0.0233856,-0.1433054,-0.00514481105462314,pharmacy,163.0,pharmacology,28.0,PharmacySchool,13.0,PharmacyTechnician,54.0,,
372,19-4041,Geological and Petroleum Technicians,0.0832659,-0.0265366,0.3835747,0.10761975188637539,Petroleum,2.0,,,,,,,,
373,31-9095,Pharmacy Aides,-0.1552654,-0.0284926,-0.5959175,-0.12808910690443653,pharmacy,163.0,pharmacology,28.0,PharmacySchool,13.0,PharmacyTechnician,54.0,,
374,51-1011,First-Line Supervisors of Production and Operating Workers,-0.0845282,-0.0370227,-0.2315802,-0.09832914419539171,,,,,,,,,,
375,39-5094,Skincare Specialists,-0.2628396,-0.0372525,-0.4736485,-0.24626977719444845,Dermatology,68.0,,,,,,,,
376,29-2011,Medical and Clinical Laboratory Technologists,0.2818067,-0.042349,0.9026269,0.22001468363284266,MedicalTechnology,1.3,,,,,,,,
377,19-4011,Agricultural and Food Science Technicians,0.095719,-0.0492323,0.4328247,0.07349298409949145,foodscience,33.0,,,,,,,,
378,29-1123,Physical Therapists,-0.3581922,-0.0588146,-0.8785169,-0.3024395618939164,physicaltherapy,68.0,,,,,,,,
379,43-9031,Desktop Publishers,0.3437743,-0.0650455,1.838704,0.25546871939545956,,,,,,,,,,
380,31-2011,Occupational Therapy Assistants,-0.3153762,-0.0745205,-0.7619311,-0.2706638717717485,OccupationalTherapy,36.0,,,,,,,,
381,39-5092,Manicurists and Pedicurists,0.0335124,-0.0792243,0.2710444,-0.04717549481558136,Nailtechs,74.0,,,,,,,,
382,17-3029,"Engineering Technicians, Except Drafters, All Other",0.1941278,-0.0792918,0.6988024,0.17248541635903475,engineering,481.0,,,,,,,,
383,29-1131,Veterinarians,-0.0749958,-0.0842553,-0.1380501,-0.11942085809581761,Veterinary,62.0,veterinaryprofession,20.0,veterinaryschool,13.0,,,,
384,29-2054,Respiratory Therapy Technicians,-0.1060473,-0.0883059,-0.2927954,-0.12342968222254028,respiratorytherapy,19.0,,,,,,,,
385,19-4051,Nuclear Technicians,0.1696743,-0.0905259,0.5136482,0.1277364565119489,nuclear,47.0,,,,,,,,
386,19-4031,Chemical Technicians,0.0628057,-0.0940159,0.4307853,0.010859054124643382,,,,,,,,,,
387,29-9091,Athletic Trainers,-0.3311363,-0.0953968,-0.6848776,-0.2853557383144942,personaltraining,43.0,,,,,,,,
388,41-2012,Gaming Change Persons and Booth Cashiers,-0.0500926,-0.1038614,-0.3736283,-0.07819005441538932,,,,,,,,,,
389,41-2011,Cashiers,-0.2480887,-0.1074713,-0.8545607,-0.2292962575217795,,,,,,,,,,
390,27-4012,Broadcast Technicians,0.1222249,-0.1105672,0.5763181,0.06223344340727799,broadcastengineering,,,,,,,,,
391,25-4013,Museum Technicians and Conservators,-0.0912107,-0.1107287,0.2281792,-0.1087254821775939,museum,121.0,,,,,,,,
392,39-3031,"Ushers, Lobby Attendants, and Ticket Takers",-0.2420959,-0.1112865,-0.6086779,-0.20734483731191547,,,,,,,,,,
393,49-1011,"First-Line Supervisors of Mechanics, Installers, and Repairers",-0.0205169,-0.114278,0.0602245,-0.0517268657511924,,,,,,,,,,
394,39-4031,"Morticians, Undertakers, and Funeral Directors",-0.1903759,-0.1143887,-0.3961811,-0.18496204813653971,FuneralDirector,2.0,,,,,,,,
395,53-6061,"Transportation Attendants, Except Flight Attendants",-0.3752249,-0.1178739,-1.130747,-0.31112549823919605,,,,,,,,,,
396,27-4011,Audio and Video Equipment Technicians,-0.0117747,-0.120451,0.2231392,-0.047977096174702416,production,4.7,,,,,,,,
397,17-1022,Surveyors,0.1460606,-0.121288,0.7111955,0.10131677014078094,,,,,,,,,,
398,17-3025,Environmental Engineering Technicians,0.0438054,-0.1238053,0.4686876,0.003722404458709278,EnvironmentalEngineer,6.6,,,,,,,,
399,29-2051,Dietetic Technicians,-0.1260282,-0.1277389,-0.1429475,-0.14300629411810653,dietetics,26.0,,,,,,,,
400,29-2031,Cardiovascular Technologists and Technicians,-0.0909526,-0.131293,-0.2056899,-0.12398807302289408,Cardiology,26.0,,,,,,,,
401,29-2035,Magnetic Resonance Imaging Technologists,-0.0727627,-0.1366283,-0.034779,-0.10933332907594151,Radiology,188.0,,,,,,,,
402,19-4091,"Environmental Science and Protection Technicians, Including Health",0.0169452,-0.1429246,0.4056481,-0.019456044831624598,,,,,,,,,,
403,29-1067,Surgeons,-0.0504534,-0.145476,0.2046979,-0.11935186812439484,surgery,42.0,,,,,,,,
404,27-2023,"Umpires, Referees, and Other Sports Officials",-0.0325617,-0.1454976,0.159915,-0.0018782597059840615,,,,,,,,,,
405,35-1012,First-Line Supervisors of Food Preparation and Serving Workers,-0.2575492,-0.1501443,-0.5156132,-0.25157395510677366,,,,,,,,,,
406,33-2021,Fire Inspectors and Investigators,0.062793,-0.1516908,0.7939743,0.06237985644269159,firefighters,8.7,,,,,,,,
407,51-9061,"Inspectors, Testers, Sorters, Samplers, and Weighers",-0.0293395,-0.1556781,0.1120355,-0.06570636278441544,,,,,,,,,,
408,39-4021,Funeral Attendants,-0.5445412,-0.1577413,-1.357057,-0.44200700343831434,FuneralDirector,2.0,,,,,,,,
409,11-9013,"Farmers, Ranchers, and Other Agricultural Managers",-0.1443684,-0.1584996,0.0162789,-0.12981999839766567,farming,154.0,,,,,,,,
410,27-1027,Set and Exhibit Designers,-0.0519323,-0.1602642,0.7514155,-0.07726159704292136,,,,,,,,,,
411,39-9011,Childcare Workers,-0.3834794,-0.1674963,-0.6149341,-0.2961469696506139,ChildcareWorkers,2.8,Nanny,66.0,,,,,,
412,33-3011,Bailiffs,-0.5103183,-0.1705261,-1.65113,-0.3977275839918801,,,,,,,,,,
413,35-1011,Chefs and Head Cooks,-0.2676433,-0.1720309,-0.4526673,-0.2772759595081043,Chefit,198.0,,,,,,,,
414,19-1032,Foresters,-0.184381,-0.1960901,0.2000741,-0.16930747115092792,,,,,,,,,,
415,33-1012,First-Line Supervisors of Police and Detectives,-0.1923298,-0.1961966,-0.1436702,-0.18335308847463985,,,,,,,,,,
416,29-1126,Respiratory Therapists,-0.1880507,-0.1994213,-0.2711617,-0.21114040905535061,respiratorytherapy,19.0,,,,,,,,
417,39-9021,Personal Care Aides,-0.5737774,-0.2060442,-1.397571,-0.48238289735601336,,,,,,,,,,
418,29-1024,Prosthodontists,-0.1561403,-0.2144845,0.1145918,-0.22151420367238284,Dentistry,124.0,,,,,,,,
419,27-1023,Floral Designers,-0.2718452,-0.2188882,0.4337298,-0.26670573512934853,florists,17.0,,,,,,,,
420,39-3091,Amusement and Recreation Attendants,-0.5246153,-0.2293367,-1.458932,-0.48183497259173963,,,,,,,,,,
421,25-2059,"Special Education Teachers, All Other",-0.6632917,-0.2361226,-1.426268,-0.5594156200405238,Teachers,866.0,specialed,27.0,specialeducation,11.0,,,,
422,31-2021,Physical Therapist Assistants,-0.5308535,-0.2472779,-1.016285,-0.4688742251273895,physicaltherapy,68.0,,,,,,,,
423,31-9097,Phlebotomists,-0.2778475,-0.2526035,-0.3278724,-0.28185744375369604,phlebotomy,10.0,phlebotomists,1.2,,,,,,
424,49-2091,Avionics Technicians,-0.1728535,-0.2635513,0.1728086,-0.2093165067042055,avionics,4.2,,,,,,,,
425,17-3027,Mechanical Engineering Technicians,-0.1192367,-0.273681,0.2558563,-0.1565332991609272,MechanicalEngineering,132.0,,,,,,,,
426,29-2032,Diagnostic Medical Sonographers,-0.264054,-0.2743202,-0.2052736,-0.28142254893510565,Sonographers,12.0,,,,,,,,
427,31-1013,Psychiatric Aides,-0.496565,-0.2746419,-1.006333,-0.4445971890174967,Psychiatry,123.0,,,,,,,,
428,29-2099,"Health Technologists and Technicians, All Other",-0.283854,-0.2805267,-0.349878,-0.25673829518255176,,,,,,,,,,
429,29-2056,Veterinary Technologists and Technicians,-0.3623179,-0.2819632,-0.6736001,-0.3658735666550783,,,,,,,,,,
430,29-2012,Medical and Clinical Laboratory Technicians,-0.1273315,-0.2827884,0.1304908,-0.18740952181756984,,,,,,,,,,
431,43-5051,Postal Service Clerks,-0.5186997,-0.283523,-1.295399,-0.467223598853135,USPS,121.0,,,,,,,,
432,17-3031,Surveying and Mapping Technicians,0.0852324,-0.2902489,0.962198,0.11114912168573239,Surveying,43.0,,,,,,,,
433,39-3092,Costume Attendants,-0.4533608,-0.2958649,-0.3313408,-0.43767154715826473,,,,,,,,,,
434,29-2061,Licensed Practical and Licensed Vocational Nurses,-0.5137373,-0.2979922,-1.110947,-0.4799356043418851,RegisteredNurses,3.6,nursing,692.0,NursingStudents,31.0,,,,
435,35-3021,"Combined Food Preparation and Serving Workers, Including Fast Food",-0.5305266,-0.3083948,-1.315539,-0.4953595009540652,,,,,,,,,,
436,33-9092,"Lifeguards, Ski Patrol, and Other Recreational Protective Service Workers",-0.4718385,-0.3161409,-0.8350039,-0.38834268591090837,Lifeguards,12.0,,,,,,,,
437,29-1124,Radiation Therapists,-0.2189393,-0.3161771,-0.1146553,-0.2555558933714298,RadiationTherapy,4.3,,,,,,,,
438,53-6051,Transportation Inspectors,-0.18376,-0.3175816,0.1508499,-0.20175279272142344,,,,,,,,,,
439,35-3022,"Counter Attendants, Cafeteria, Food Concession, and Coffee Shop",-0.4850956,-0.3211086,-0.9502332,-0.3830525440511168,,,,,,,,,,
440,29-1022,Oral and Maxillofacial Surgeons,-0.2389668,-0.3302738,-0.0439961,-0.32195790473280067,OralSurgery,1.1,,,,,,,,
441,51-6092,Fabric and Apparel Patternmakers,-0.0831096,-0.3332033,0.8417298,-0.16392402247088622,Fabrics,18.0,,,,,,,,
442,51-4012,"Computer Numerically Controlled Machine Tool Programmers, Metal and Plastic",-0.0241824,-0.341184,0.5465338,-0.11064153069034018,,,,,,,,,,
443,33-2022,Forest Fire Inspectors and Prevention Specialists,-0.2144127,-0.3418539,0.2808205,-0.2262765873244902,,,,,,,,,,
444,31-9091,Dental Assistants,-0.5268759,-0.3458537,-0.960739,-0.517395927850966,Dentistry,124.0,,,,,,,,
445,29-1021,"Dentists, General",-0.1813301,-0.3476516,0.1001709,-0.2812301729573549,Dentistry,124.0,,,,,,,,
446,29-2021,Dental Hygienists,-0.416508,-0.3524675,-0.6239431,-0.444182899867688,Dentistry,124.0,,,,,,,,
447,43-5111,"Weighers, Measurers, Checkers, and Samplers, Recordkeeping",-0.1860789,-0.3528867,0.0036541,-0.2146833895518527,,,,,,,,,,
448,31-2012,Occupational Therapy Aides,-0.7734322,-0.3573223,-1.602236,-0.6835996339742146,OccupationalTherapy,36.0,,,,,,,,
449,49-9061,Camera and Photographic Equipment Repairers,0.0546422,-0.35977,1.231826,-0.05942098437987446,,,,,,,,,,
450,47-1011,First-Line Supervisors of Construction Trades and Extraction Workers,-0.3054048,-0.3598737,-0.0124179,-0.31207222378742033,ConstructionManagers,18.0,,,,,,,,
451,33-1011,First-Line Supervisors of Correctional Officers,-0.5584278,-0.3614321,-0.8863705,-0.4898227522274773,,,,,,,,,,
452,53-2031,Flight Attendants,-0.7621183,-0.3649124,-1.864235,-0.6740767592223988,flightattendants,37.0,,,,,,,,
453,37-1011,First-Line Supervisors of Housekeeping and Janitorial Workers,-0.5854128,-0.3668852,-0.9832754,-0.5403375941854053,,,,,,,,,,
454,27-4021,Photographers,-0.1680973,-0.3821391,0.9287885,-0.22192945584675827,PhotographyProTips,39.0,,,,,,,,
455,33-9011,Animal Control Workers,-0.5946321,-0.3902585,-0.913505,-0.5493140301931473,animalcontrol,1.2,,,,,,,,
456,35-2011,"Cooks, Fast Food",-0.7131837,-0.3906226,-1.511315,-0.6459679513834606,,,,,,,,,,
457,33-9091,Crossing Guards,-0.5699511,-0.3971661,-1.13212,-0.5102403363312671,,,,,,,,,,
458,13-1074,Farm Labor Contractors,-0.4354025,-0.4044011,-0.6037571,-0.42961274996910714,farming,154.0,,,,,,,,
459,31-1011,Home Health Aides,-0.644942,-0.404814,-0.9847792,-0.5884842973923322,,,,,,,,,,
460,29-2034,Radiologic Technologists,-0.5559037,-0.4048342,-0.7953007,-0.5324153781138928,Radiology,188.0,RadiologyforDocs,3.2,,,,,,
461,35-3011,Bartenders,-0.6159883,-0.4109996,-1.072689,-0.584752689969739,bartenders,159.0,,,,,,,,
462,33-9032,Security Guards,-0.3908421,-0.4228095,-0.3378076,-0.3490379826968673,securityguards,66.0,,,,,,,,
463,51-3092,Food Batchmakers,-0.3791114,-0.4268211,-0.6487997,-0.4143965631502695,,,,,,,,,,
464,51-9081,Dental Laboratory Technicians,0.0013206,-0.4373581,1.043164,-0.14512593447714653,Dentistry,124.0,,,,,,,,
465,51-8013,Power Plant Operators,-0.3482779,-0.4411169,-0.1809246,-0.3861096929279379,,,,,,,,,,
466,35-3041,"Food Servers, Nonrestaurant",-0.7270206,-0.4450331,-1.325932,-0.6762063669647445,Serverlife,241.0,,,,,,,,
467,49-2011,"Computer, Automated Teller, and Office Machine Repairers",-0.3458247,-0.4540974,0.1531325,-0.38854319961139244,,,,,,,,,,
468,35-3031,Waiters and Waitresses,-0.9481003,-0.4693402,-2.11317,-0.8428436050310826,Serverlife,241.0,,,,,,,,
469,51-3011,Bakers,-0.3852989,-0.4742939,-0.0537325,-0.42752148080498964,,,,,,,,,,
470,37-1012,"First-Line Supervisors of Landscaping, Lawn Service, and Groundskeeping Workers",-0.5548871,-0.4855586,-0.4612343,-0.5423014359171151,landscaping,942.0,,,,,,,,
471,39-5091,"Makeup Artists, Theatrical and Performance",-0.4596138,-0.4973671,0.3093746,-0.48185810578167615,makeupartists,27.0,,,,,,,,
472,51-9151,Photographic Process Workers and Processing Machine Operators,-0.3615806,-0.4977627,0.0623692,-0.40026002287936385,,,,,,,,,,
473,39-5093,Shampooers,-0.905371,-0.5005988,-1.740773,-0.8426733561385208,,,,,,,,,,
474,41-9012,Models,-1.122021,-0.5034364,-1.800854,-0.9396663827636341,Model,28.0,,,,,,,,
475,33-3031,Fish and Game Wardens,-0.4585168,-0.5055484,-0.106521,-0.44531778786462645,,,,,,,,,,
476,31-1014,Nursing Assistants,-0.9040212,-0.5148466,-1.7509,-0.8175970354308328,RegisteredNurses,3.6,nursing,692.0,NursingStudents,31.0,,,,
477,33-9093,Transportation Security Screeners,-0.5068558,-0.5229555,-0.5910809,-0.5065269670907907,tsa,25.0,,,,,,,,
478,43-5081,Stock Clerks and Order Fillers,-0.7892948,-0.5232333,-1.325202,-0.6778960916603385,,,,,,,,,,
479,39-2021,Nonfarm Animal Caretakers,-0.8890408,-0.5279816,-1.658312,-0.7969427681447774,,,,,,,,,,
480,49-9062,Medical Equipment Repairers,-0.2768838,-0.5367757,0.4792963,-0.3500268438483088,,,,,,,,,,
481,29-2055,Surgical Technologists,-0.4830476,-0.5417635,-0.4395772,-0.5062886849700826,surgery,42.0,,,,,,,,
482,39-5011,Barbers,-0.7294621,-0.5433185,-0.9609541,-0.7442641794396844,Barber,147.0,,,,,,,,
483,51-9082,Medical Appliance Technicians,-0.4949538,-0.5483078,-0.3203743,-0.5468184815123811,,,,,,,,,,
484,45-1011,"First-Line Supervisors of Farming, Fishing, and Forestry Workers",-0.4791843,-0.5575955,-0.2606115,-0.4976317606486439,,,,,,,,,,
485,35-2012,"Cooks, Institution and Cafeteria",-0.6360813,-0.5586923,-0.7715341,-0.6440061225998109,,,,,,,,,,
486,51-8031,Water and Wastewater Treatment Plant and System Operators,-0.44501,-0.5590585,-0.1983719,-0.48196917969971165,WaterTreatment,13.0,,,,,,,,
487,51-8091,Chemical Plant and System Operators,-0.3831282,-0.560149,-0.3017132,-0.4291640739019195,,,,,,,,,,
488,53-5031,Ship Engineers,-0.5264951,-0.5671973,-0.4819254,-0.5527242460596852,,,,,,,,,,
489,35-2015,"Cooks, Short Order",-0.5933817,-0.5674362,-0.7271932,-0.5961760763296521,,,,,,,,,,
490,17-3024,Electro-Mechanical Technicians,-0.3040507,-0.5684535,0.3395987,-0.38217591022822917,,,,,,,,,,
491,51-8092,Gas Plant Operators,-0.2982082,-0.5741886,0.1276515,-0.36463623427700104,,,,,,,,,,
492,43-9071,"Office Machine Operators, Except Computer",-0.5171404,-0.5773576,-0.5532699,-0.5452104432423541,,,,,,,,,,
493,53-4031,Railroad Conductors and Yardmasters,-0.4662731,-0.5790616,-0.1383963,-0.482568742424645,railroading,39.0,,,,,,,,
494,51-8021,Stationary Engineers and Boiler Operators,-0.5032496,-0.579769,-0.3852146,-0.5314788208145437,,,,,,,,,,
495,49-9063,Musical Instrument Repairers and Tuners,-0.5306271,-0.5843092,-0.6609262,-0.5913381293015819,Instruments,5.3,,,,,,,,
496,31-9096,Veterinary Assistants and Laboratory Animal Caretakers,-0.7735824,-0.5899488,-1.29916,-0.7437480984085872,Veterinary,62.0,veterinaryprofession,20.0,veterinaryschool,13.0,,,,
497,51-6052,"Tailors, Dressmakers, and Custom Sewers",-0.4305268,-0.6065376,0.1317748,-0.5342954941969719,Tailors,22.0,,,,,,,,
498,31-2022,Physical Therapist Aides,-0.8823265,-0.6148192,-1.427901,-0.8245821727893584,physicaltherapy,68.0,,,,,,,,
499,39-5012,"Hairdressers, Hairstylists, and Cosmetologists",-0.6824517,-0.6155546,-0.3888467,-0.7097015455175707,hairstylist,19.0,,,,,,,,
500,51-3093,Food Cooking Machine Operators and Tenders,-0.5559894,-0.6185341,-0.7325209,-0.5945853052639265,,,,,,,,,,
501,49-9064,Watch Repairers,-0.2123996,-0.6192911,0.8048636,-0.36816435971765554,watchrepair,15.0,,,,,,,,
502,33-3041,Parking Enforcement Workers,-0.6239931,-0.6273561,-0.4256193,-0.599507262036758,parking,1.1,,,,,,,,
503,27-4031,"Camera Operators, Television, Video, and Motion Picture",-0.4470009,-0.6289793,0.3758053,-0.4821036390763068,,,,,,,,,,
504,51-2093,Timing Device Assemblers and Adjusters,-0.2552991,-0.6354496,0.6284612,-0.40371170751967833,,,,,,,,,,
505,33-1021,First-Line Supervisors of Fire Fighting and Prevention Workers,-0.593021,-0.636405,-0.2450165,-0.5841019787666997,,,,,,,,,,
506,51-9071,Jewelers and Precious Stone and Metal Workers,-0.1560197,-0.6366536,1.03542,-0.3185380560345464,jewelrymaking,114.0,,,,,,,,
507,35-2013,"Cooks, Private Household",-0.7867444,-0.6394508,-0.7491215,-0.7789129379895344,Chefit,198.0,,,,,,,,
508,33-3051,Police and Sheriff's Patrol Officers,-0.6681123,-0.6402014,-0.6212816,-0.6436012262968852,police,84.0,,,,,,,,
509,53-2012,Commercial Pilots,-0.1817332,-0.6443627,0.988984,-0.2747764383875555,pilots,16.0,,,,,,,,
510,39-3021,Motion Picture Projectionists,-0.3786598,-0.6494384,0.3664268,-0.43724814551504554,,,,,,,,,,
511,51-8093,"Petroleum Pump System Operators, Refinery Operators, and Gaugers",-0.370036,-0.6505692,0.1674973,-0.4290541949981794,oil,26.0,,,,,,,,
512,51-2023,Electromechanical Equipment Assemblers,-0.4977276,-0.6523108,-0.0850347,-0.5514047056092661,,,,,,,,,,
513,39-4011,Embalmers,-0.7311451,-0.6571462,-0.4073465,-0.7305124277454818,,,,,,,,,,
514,49-3052,Motorcycle Mechanics,-0.763721,-0.6656164,-1.034888,-0.7947868267255263,MotorcycleMechanics,2.2,mechanic,51.0,,,,,,
515,33-3012,Correctional Officers and Jailers,-0.8875365,-0.6690897,-1.349629,-0.8201656341168213,correctional_staff,2.5,Corrections,1.5,,,,,,
516,49-2095,"Electrical and Electronics Repairers, Powerhouse, Substation, and Relay",-0.5522636,-0.6720283,-0.0598297,-0.580111162272511,electrical,119.0,,,,,,,,
517,51-9011,Chemical Equipment Operators and Tenders,-0.511521,-0.6780245,-0.184255,-0.5514360965049104,,,,,,,,,,
518,31-9011,Massage Therapists,-1.410233,-0.6818891,-2.683994,-1.260702341957316,MassageTherapists,9.8,,,,,,,,
519,49-2098,Security and Fire Alarm Systems Installers,-0.6926484,-0.6848876,-0.454108,-0.6988768960786691,,,,,,,,,,
520,51-4111,Tool and Die Makers,-0.5317897,-0.6871514,0.0744022,-0.5854800343371201,,,,,,,,,,
521,27-1013,"Fine Artists, Including Painters, Sculptors, and Illustrators",-0.5690498,-0.6984655,0.9146529,-0.6320409267498023,ArtistLounge,194.0,Artists,22.0,Artistsforhire,15.0,,,,
522,29-2041,Emergency Medical Technicians and Paramedics,-0.6863446,-0.6994473,-0.5534687,-0.6933332403408957,emtb,4.3,EMTstories,12.0,,,,,,
523,49-2094,"Electrical and Electronics Repairers, Commercial and Industrial Equipment",-0.4632031,-0.7028455,0.246237,-0.5282647570210657,electrical,119.0,electricians,426.0,,,,,,
524,45-4023,Log Graders and Scalers,-0.4768305,-0.7029777,0.1108848,-0.5279722197256217,,,,,,,,,,
525,43-9051,"Mail Clerks and Mail Machine Operators, Except Postal Service",-0.8184676,-0.7109466,-1.03093,-0.8058070567423937,,,,,,,,,,
526,51-9141,Semiconductor Processors,-0.6372312,-0.7132968,-0.2814126,-0.6714062052542046,Semiconductors,9.9,,,,,,,,
527,53-3031,Driver/Sales Workers,-0.7293087,-0.7222196,-0.5969536,-0.7248941457689897,,,,,,,,,,
528,37-2021,Pest Control Workers,-0.7255374,-0.7243282,-0.494887,-0.7137319673158513,Pestcontroltech,1.0,pestcontrol,53.0,,,,,,
529,53-3022,"Bus Drivers, School or Special Client",-0.2977046,-0.728628,0.7709981,-0.37443865077062527,BusDrivers,1.7,,,,,,,,
530,39-2011,Animal Trainers,-0.9167759,-0.7293655,-1.029674,-0.8778194096138366,Dogtraining,873.0,,,,,,,,
531,49-2097,Electronic Home Entertainment Equipment Installers and Repairers,-0.571284,-0.7303536,0.0489165,-0.6182555257068338,,,,,,,,,,
532,27-1026,Merchandise Displayers and Window Trimmers,-1.001413,-0.7348464,-0.8655038,-0.9350852634799447,,,,,,,,,,
533,43-5071,"Shipping, Receiving, and Traffic Clerks",-0.7463213,-0.7375154,-0.5646621,-0.7356896176523108,UPS,50.0,FedEx,34.0,,,,,,
534,49-2021,"Radio, Cellular, and Tower Equipment Installers and Repairers",-0.6335382,-0.7432581,-0.1242116,-0.6281523328440783,radio,15.0,,,,,,,,
535,47-4041,Hazardous Materials Removal Workers,-0.6887439,-0.7441202,-0.3680713,-0.7049391924479808,hazmat,2.7,,,,,,,,
536,33-3052,Transit and Railroad Police,-0.8205515,-0.7447406,-0.6880116,-0.7753927447456981,,,,,,,,,,
537,53-1011,Aircraft Cargo Handling Supervisors,-0.7091902,-0.7511079,-0.5171896,-0.7119347381131675,AircraftMechanics,14.0,,,,,,,,
538,51-2022,Electrical and Electronic Equipment Assemblers,-0.6248807,-0.7516789,-0.14857,-0.6820721179034854,electrical,119.0,electricians,426.0,,,,,,
539,53-2011,"Airline Pilots, Copilots, and Flight Engineers",-0.2070626,-0.7584905,1.008655,-0.33028183385645143,pilots,16.0,,,,,,,,
540,35-2014,"Cooks, Restaurant",-0.7418264,-0.7585588,-0.5278708,-0.7697182700543508,Chefit,198.0,,,,,,,,
541,19-4093,Forest and Conservation Technicians,-0.6672396,-0.7611464,-0.1099637,-0.6747822148256176,forestry,32.0,,,,,,,,
542,51-9194,Etchers and Engravers,-0.6395226,-0.774569,-0.1384033,-0.7003390664764716,engraving,6.6,,,,,,,,
543,31-9093,Medical Equipment Preparers,-0.7308648,-0.7762876,-0.5937915,-0.7498740299706029,MedicalDevices,8.3,,,,,,,,
544,49-9012,"Control and Valve Installers and Repairers, Except Mechanical Door",-0.7606913,-0.7805839,-0.3885263,-0.764411123801653,,,,,,,,,,
545,51-4062,"Patternmakers, Metal and Plastic",-0.6131331,-0.7883947,-0.0806986,-0.6712242255715496,,,,,,,,,,
546,51-3091,"Food and Tobacco Roasting, Baking, and Drying Machine Operators and Tenders",-0.758859,-0.7900841,-0.6771246,-0.7717192830895635,,,,,,,,,,
547,53-5021,"Captains, Mates, and Pilots of Water Vessels",-0.4281868,-0.7930261,0.6720023,-0.48928370775691826,boating,81.0,,,,,,,,
548,49-9099,"Installation, Maintenance, and Repair Workers, All Other",-0.5900791,-0.7931647,-0.1460183,-0.6384951395999747,repair,1.2,,,,,,,,
549,53-6011,Bridge and Lock Tenders,-0.6322159,-0.7989979,-0.2284603,-0.652310006664049,,,,,,,,,,
550,51-7031,"Model Makers, Wood",-0.7278869,-0.8021085,-0.4842993,-0.7724685636826826,Woodcarving,282.0,Woodworking,5300.0,modelmakers,246.0,,,,
551,51-8099,"Plant and System Operators, All Other",-0.6702387,-0.8108405,-0.3448496,-0.6816365899054218,,,,,,,,,,
552,49-3011,Aircraft Mechanics and Service Technicians,-0.6551197,-0.8144518,-0.1538603,-0.7092142032028429,AircraftMechanics,14.0,,,,,,,,
553,49-3091,Bicycle Repairers,-0.9226068,-0.8226086,-0.8373286,-0.9261846730078598,bikewrench,219.0,BikeRepair,1.0,,,,,,
554,51-4193,"Plating and Coating Machine Setters, Operators, and Tenders, Metal and Plastic",-0.8999876,-0.8283305,-0.9970344,-0.8910792222863582,Powdercoating,,,,,,,,,
555,51-2092,Team Assemblers,-0.8305441,-0.8316012,-0.7084011,-0.8470018037295691,,,,,,,,,,
556,51-5112,Printing Press Operators,-0.7093881,-0.84434,-0.2242107,-0.7584680482520143,,,,,,,,,,
557,53-3011,"Ambulance Drivers and Attendants, Except Emergency Medical Technicians",-0.8298703,-0.8443602,-0.6057287,-0.8299933579684543,emtb,4.3,EMTstories,12.0,,,,,,
558,51-4081,"Multiple Machine Tool Setters, Operators, and Tenders, Metal and Plastic",-0.74266,-0.8448762,-0.5758345,-0.7910688003484857,Machinists,219.0,,,,,,,,
559,53-7011,Conveyor Operators and Tenders,-0.7554432,-0.8455815,-0.4912384,-0.7745549077565753,,,,,,,,,,
560,51-9051,"Furnace, Kiln, Oven, Drier, and Kettle Operators and Tenders",-0.9582346,-0.846812,-1.383934,-0.9481090988226092,,,,,,,,,,
561,49-9091,"Coin, Vending, and Amusement Machine Servicers and Repairers",-0.7233995,-0.8515025,-0.2727053,-0.7735492544739273,vendingmachines,8.3,vending,5.8,,,,,,
562,51-4035,"Milling and Planing Machine Setters, Operators, and Tenders, Metal and Plastic",-0.8703219,-0.8670107,-1.019678,-0.9054317447004568,Machinists,219.0,,,,,,,,
563,51-4061,"Model Makers, Metal and Plastic",-0.7421977,-0.8677119,-0.4422598,-0.7975481596785416,modelmakers,246.0,,,,,,,,
564,51-2021,"Coil Winders, Tapers, and Finishers",-0.8289722,-0.8689131,-0.817187,-0.865053918807011,,,,,,,,,,
565,49-3092,Recreational Vehicle Service Technicians,-0.9244052,-0.8694882,-0.8190206,-0.9187617453747964,mechanics,72.0,mechanic,51.0,,,,,,
566,49-2096,"Electronic Equipment Installers and Repairers, Motor Vehicles",-0.7915968,-0.8695781,-0.3960572,-0.8259991097616266,,,,,,,,,,
567,47-4099,"Construction and Related Workers, All Other",-0.8728439,-0.8711121,-0.5883142,-0.8546729454407317,Construction,374.0,,,,,,,,
568,53-7071,Gas Compressor and Gas Pumping Station Operators,-0.6909992,-0.8727033,-0.326689,-0.7481910589924639,,,,,,,,,,
569,47-5012,"Rotary Drill Operators, Oil and Gas",-0.7737326,-0.8803922,-0.517669,-0.8072843380912097,rotaryengine,1.3,,,,,,,,
570,51-4022,"Forging Machine Setters, Operators, and Tenders, Metal and Plastic",-0.8046677,-0.880991,-0.6361212,-0.8380544235067889,Forging,6.0,,,,,,,,
571,27-2032,Choreographers,-1.575769,-0.8860701,-2.266936,-1.3958275172614998,,,,,,,,,,
572,51-4032,"Drilling and Boring Machine Tool Setters, Operators, and Tenders, Metal and Plastic",-0.7598132,-0.8868215,-0.3924087,-0.801286837191264,,,,,,,,,,
573,51-4011,"Computer-Controlled Machine Tool Operators, Metal and Plastic",-0.6737444,-0.8881877,-0.2766625,-0.7358834071109662,,,,,,,,,,
574,51-6011,Laundry and Dry-Cleaning Workers,-1.054399,-0.8894878,-1.346116,-1.04340602573218,Laundromats,,,,,,,,,
575,49-9021,"Heating, Air Conditioning, and Refrigeration Mechanics and Installers",-0.8491117,-0.8960592,-0.5521239,-0.8570380502144356,HVAC,169.0,hvacengineers,2.7,,,,,,
576,49-2093,"Electrical and Electronics Installers and Repairers, Transportation Equipment",-0.8303875,-0.910105,-0.384382,-0.8570170037335925,electrical,119.0,electricians,426.0,,,,,,
577,53-4041,Subway and Streetcar Operators,-0.6155429,-0.9125129,-0.1670065,-0.6897814457702266,Subways,9.7,,,,,,,,
578,51-5113,Print Binding and Finishing Workers,-0.9062089,-0.9139293,-0.7243609,-0.9160420856920994,Printing,8.4,,,,,,,,
579,39-6011,Baggage Porters and Bellhops,-1.272015,-0.9139996,-1.960085,-1.174124544936479,,,,,,,,,,
580,53-4011,Locomotive Engineers,-0.4977403,-0.9161659,0.3538676,-0.5773353379413306,trains,305.0,,,,,,,,
581,47-2111,Electricians,-0.7796905,-0.9164291,-0.1643123,-0.8065449128378385,electricians,426.0,,,,,,,,
582,27-1012,Craft Artists,-0.9295284,-0.9173622,-0.2340453,-0.9767181436497002,,,,,,,,,,
583,51-9196,"Paper Goods Machine Setters, Operators, and Tenders",-0.8740445,-0.9174437,-0.8366433,-0.9041307261550952,,,,,,,,,,
584,51-9083,Ophthalmic Laboratory Technicians,-0.5966759,-0.9183928,0.0859581,-0.7178238124637214,Ophthalmology,13.0,,,,,,,,
585,43-5021,Couriers and Messengers,-0.9591126,-0.92241,-0.8782806,-0.9406234968656673,couriersofreddit,74.0,,,,,,,,
586,51-6061,Textile Bleaching and Dyeing Machine Operators and Tenders,-0.8609312,-0.9229649,-0.8292715,-0.9036998705838047,textiles,4.5,,,,,,,,
587,51-6091,"Extruding and Forming Machine Setters, Operators, and Tenders, Synthetic and Glass Fibers",-0.8596925,-0.9238047,-0.7940869,-0.8973685067737431,,,,,,,,,,
588,51-2011,"Aircraft Structure, Surfaces, Rigging, and Systems Assemblers",-0.8684706,-0.9270664,-0.5211912,-0.8849164901876281,AircraftMechanics,14.0,,,,,,,,
589,47-4021,Elevator Installers and Repairers,-0.8604742,-0.9278526,-0.3476866,-0.8858797603164418,Elevators,13.0,elevator,1.1,,,,,,
590,49-9031,Home Appliance Repairers,-0.9703799,-0.9281666,-0.8969792,-0.9806132234862364,appliancerepair,49.0,ApplianceTechTalk,1.4,,,,,,
591,37-3012,"Pesticide Handlers, Sprayers, and Applicators, Vegetation",-0.8847935,-0.9335945,-0.6260106,-0.9017723216802356,,,,,,,,,,
592,35-2021,Food Preparation Workers,-1.226416,-0.9339887,-1.701858,-1.1779186009257334,Chefit,198.0,,,,,,,,
593,51-4192,"Layout Workers, Metal and Plastic",-0.7221353,-0.9359565,-0.0160197,-0.7747390449145434,,,,,,,,,,
594,49-3051,Motorboat Mechanics and Service Technicians,-0.8863602,-0.9378443,-0.7135113,-0.9106048602937991,boatrepair,1.3,,,,,,,,
595,53-3041,Taxi Drivers and Chauffeurs,-0.6322603,-0.9380351,0.2078529,-0.6844597470135608,taxi,1.9,uberdrivers,387.0,,,,,,
596,49-2022,"Telecommunications Equipment Installers and Repairers, Except Line Installers",-0.853048,-0.9385692,-0.2988622,-0.8625620251486478,telecom,6.9,Telecommunication,2.8,,,,,,
597,51-9023,"Mixing and Blending Machine Setters, Operators, and Tenders",-0.819664,-0.940904,-0.556771,-0.8609561347717918,,,,,,,,,,
598,45-2021,Animal Breeders,-1.044292,-0.9411108,-1.072465,-1.0163240478418032,DogBreeding,3.8,,,,,,,,
599,51-9031,"Cutters and Trimmers, Hand",-0.9479839,-0.9457526,-0.8862255,-0.9663356117979,,,,,,,,,,
600,47-4091,Segmental Pavers,-0.9827304,-0.9494181,-0.8332193,-0.9838869160103911,,,,,,,,,,
601,51-9123,"Painting, Coating, and Decorating Workers",-0.9705587,-0.9510761,-0.6129321,-0.9891673877388911,paint,30.0,,,,,,,,
602,47-5031,"Explosives Workers, Ordnance Handling Experts, and Blasters",-0.773027,-0.9547396,-0.1694389,-0.8273437347764119,,,,,,,,,,
603,49-3053,Outdoor Power Equipment and Other Small Engine Mechanics,-0.8941408,-0.9614864,-0.6314365,-0.9353784743946482,,,,,,,,,,
604,43-5052,Postal Service Mail Carriers,-1.064715,-0.9672173,-1.133507,-1.0299134313805698,USPS,121.0,,,,,,,,
605,53-7072,"Pump Operators, Except Wellhead Pumpers",-0.8422927,-0.9716578,-0.5333435,-0.868613737498293,,,,,,,,,,
606,51-3021,Butchers and Meat Cutters,-0.9709924,-0.976576,-0.9157081,-0.9962816012880473,Butchery,93.0,,,,,,,,
607,51-4041,Machinists,-0.8675535,-0.9782187,-0.5375696,-0.9214549283423111,Machinists,219.0,,,,,,,,
608,49-2092,"Electric Motor, Power Tool, and Related Repairers",-0.8106341,-0.9800403,-0.308519,-0.8714797598524727,repair,1.2,,,,,,,,
609,49-9081,Wind Turbine Service Technicians,-0.9709935,-0.9838256,-0.5755093,-0.9682228398084383,windturbine,4.1,,,,,,,,
610,49-9094,Locksmiths and Safe Repairers,-0.8657498,-0.9909422,-0.2969327,-0.904097983737193,Locksmith,23.0,,,,,,,,
611,47-5021,"Earth Drillers, Except Oil and Gas",-0.7018391,-0.9993442,0.0255521,-0.782453384096305,,,,,,,,,,
612,45-4011,Forest and Conservation Workers,-1.064205,-0.9999521,-0.9001154,-1.0435254848374158,forestry,32.0,,,,,,,,
613,51-6041,Shoe and Leather Workers and Repairers,-0.990912,-1.006982,-0.9580657,-1.032862206576879,shoerepair,1.7,,,,,,,,
614,43-5053,"Postal Service Mail Sorters, Processors, and Processing Machine Operators",-1.185001,-1.007248,-1.586222,-1.1592554265588104,USPS,121.0,,,,,,,,
615,51-9111,Packaging and Filling Machine Operators and Tenders,-0.978608,-1.010728,-0.903661,-1.0023405962407128,,,,,,,,,,
616,53-7063,Machine Feeders and Offbearers,-1.037413,-1.013417,-1.217071,-1.0556455270974623,,,,,,,,,,
617,49-9043,"Maintenance Workers, Machinery",-0.9735492,-1.015195,-0.7243118,-0.9879310657273127,maintenance,23.0,MaintenanceWorkers,1.1,,,,,,
618,51-6051,"Sewers, Hand",-0.5987218,-1.019362,0.5866556,-0.7698240886450177,sewing,1500.0,,,,,,,,
619,53-4013,"Rail Yard Engineers, Dinkey Operators, and Hostlers",-0.8320907,-1.021101,-0.3241935,-0.8705675379938467,trains,306.0,,,,,,,,
620,51-3022,"Meat, Poultry, and Fish Cutters and Trimmers",-1.10563,-1.0259,-1.208184,-1.1072372581974537,Butchery,93.0,,,,,,,,
621,43-5041,"Meter Readers, Utilities",-0.9723772,-1.027005,-0.6233584,-0.9650884646080032,,,,,,,,,,
622,37-2012,Maids and Housekeeping Cleaners,-1.480657,-1.030813,-2.102381,-1.3630271135311867,housekeeping,16.0,,,,,,,,
623,51-9193,Cooling and Freezing Equipment Operators and Tenders,-0.9604952,-1.03085,-0.6569152,-0.9817094624872819,,,,,,,,,,
624,49-3023,Automotive Service Technicians and Mechanics,-0.9547055,-1.031144,-0.7076737,-0.9900522793563611,AutoMechanics,4.9,,,,,,,,
625,45-2041,"Graders and Sorters, Agricultural Products",-1.370968,-1.03238,-2.188827,-1.3262835032069953,,,,,,,,,,
626,47-2231,Solar Photovoltaic Installers,-0.9441692,-1.036982,-0.2922762,-0.9554049172061254,solarenergy,32.0,solar,148.0,,,,,,
627,53-6021,Parking Lot Attendants,-0.8353891,-1.037648,-0.0814306,-0.8497504932007279,parking,1.1,,,,,,,,
628,51-2031,Engine and Other Machine Assemblers,-0.9561453,-1.044632,-0.5711803,-0.9825866198642009,,,,,,,,,,
629,51-4122,"Welding, Soldering, and Brazing Machine Setters, Operators, and Tenders",-1.002411,-1.047832,-0.7770255,-1.016644698928749,Weldingporn,108.0,weldingengineering,1.8,,,,,,
630,51-9012,"Separating, Filtering, Clarifying, Precipitating, and Still Machine Setters, Operators, and Tenders",-0.9379141,-1.048361,-0.5839289,-0.9515505717546608,,,,,,,,,,
631,47-2042,"Floor Layers, Except Carpet, Wood, and Hard Tiles",-1.301024,-1.049115,-1.398208,-1.2459725916384468,Flooring,58.0,,,,,,,,
632,53-3021,"Bus Drivers, Transit and Intercity",-0.605453,-1.050048,0.4810737,-0.6823960359379022,BusDrivers,1.7,,,,,,,,
633,51-6042,Shoe Machine Operators and Tenders,-1.029855,-1.052404,-0.8825489,-1.0599806221808499,,,,,,,,,,
634,49-9052,Telecommunications Line Installers and Repairers,-1.083883,-1.054143,-0.8191236,-1.071966195159905,telecom,6.9,Telecommunication,2.8,,,,,,
635,49-3031,Bus and Truck Mechanics and Diesel Engine Specialists,-1.010472,-1.058387,-0.7601582,-1.031587104718193,,,,,,,,,,
636,47-5013,"Service Unit Operators, Oil, Gas, and Mining",-0.971916,-1.068201,-0.758486,-1.0016809499905552,,,,,,,,,,
637,49-9071,"Maintenance and Repair Workers, General",-1.014408,-1.06955,-0.6091456,-1.0149701986392687,maintenance,23.0,MaintenanceWorkers,1.1,,,,,,
638,53-4012,Locomotive Firers,-0.771071,-1.072977,0.0201893,-0.8265208627081061,trains,306.0,,,,,,,,
639,51-2041,Structural Metal Fabricators and Fitters,-1.076307,-1.077573,-0.9615529,-1.0814033524116144,fabrication,18.0,,,,,,,,
640,47-2132,"Insulation Workers, Mechanical",-1.268615,-1.079884,-1.419383,-1.228685951508769,Insulation,6.5,,,,,,,,
641,49-9092,Commercial Divers,-1.102728,-1.08214,-0.7830058,-1.096245643505123,Truckers,272.0,,,,,,,,
642,31-1015,Orderlies,-1.679232,-1.08762,-2.769529,-1.5321373785305878,,,,,,,,,,
643,45-2093,"Farmworkers, Farm, Ranch, and Aquacultural Animals",-1.108432,-1.088977,-0.8984643,-1.1054509694498473,Ranching,26.0,rancher,3.0,farming,154.0,,,,
644,37-2011,"Janitors and Cleaners, Except Maids and Housekeeping Cleaners",-1.436201,-1.093042,-1.751452,-1.3446122855757332,,,,,,,,,,
645,51-4194,"Tool Grinders, Filers, and Sharpeners",-0.8809238,-1.097234,-0.4872859,-0.9581722534156935,Tools,756.0,,,,,,,,
646,53-7073,Wellhead Pumpers,-1.091197,-1.099431,-0.9525345,-1.0994861953247919,,,,,,,,,,
647,51-4072,"Molding, Coremaking, and Casting Machine Setters, Operators, and Tenders, Metal and Plastic",-1.146139,-1.108139,-1.173385,-1.1434270761238334,InjectionMolding,6.6,,,,,,,,
648,53-6031,Automotive and Watercraft Service Attendants,-1.221489,-1.108146,-1.336295,-1.196942528075739,,,,,,,,,,
649,51-6062,"Textile Cutting Machine Setters, Operators, and Tenders",-1.022949,-1.116033,-0.7846009,-1.0580728237650494,textiles,4.5,,,,,,,,
650,49-9051,Electrical Power-Line Installers and Repairers,-1.081398,-1.118984,-0.6397462,-1.0973629784395922,PowerLineman,1.0,,,,,,,,
651,47-2152,"Plumbers, Pipefitters, and Steamfitters",-1.121219,-1.119614,-0.7583691,-1.1261257132502271,plumbers,4.0,Plumbing,325.0,,,,,,
652,47-2011,Boilermakers,-1.097532,-1.121584,-0.8259925,-1.1162523774262934,,,,,,,,,,
653,51-9192,"Cleaning, Washing, and Metal Pickling Equipment Operators and Tenders",-1.141885,-1.124215,-1.118031,-1.1384064757400703,,,,,,,,,,
654,51-4034,"Lathe and Turning Machine Tool Setters, Operators, and Tenders, Metal and Plastic",-1.06734,-1.126104,-0.9061331,-1.098066436331275,Lathe,3.7,,,,,,,,
655,53-7041,Hoist and Winch Operators,-0.9781997,-1.126569,-0.5439873,-1.0158204680168552,,,,,,,,,,
656,51-9021,"Crushing, Grinding, and Polishing Machine Setters, Operators, and Tenders",-1.043476,-1.135783,-0.8408297,-1.0703684376792224,,,,,,,,,,
657,51-9041,"Extruding, Forming, Pressing, and Compacting Machine Setters, Operators, and Tenders",-1.042151,-1.137883,-0.7834548,-1.0743716902062626,,,,,,,,,,
658,51-4052,"Pourers and Casters, Metal",-1.00914,-1.143326,-0.5392559,-1.047897081982339,,,,,,,,,,
659,49-9097,Signal and Track Switch Repairers,-0.858221,-1.147593,0.0566345,-0.9108169226477327,,,,,,,,,,
660,51-4031,"Cutting, Punching, and Press Machine Setters, Operators, and Tenders, Metal and Plastic",-1.036569,-1.149575,-0.6893845,-1.0715572444015935,,,,,,,,,,
661,51-6063,"Textile Knitting and Weaving Machine Setters, Operators, and Tenders",-1.241662,-1.155505,-1.501937,-1.2695892578607273,textiles,4.5,,,,,,,,
662,51-4191,"Heat Treating Equipment Setters, Operators, and Tenders, Metal and Plastic",-1.092486,-1.171104,-0.8941913,-1.109840739420543,,,,,,,,,,
663,47-2073,Operating Engineers and Other Construction Equipment Operators,-0.8815078,-1.173767,-0.0701881,-0.9577697963089244,Construction,374.0,,,,,,,,
664,53-5022,Motorboat Operators,-0.8871186,-1.176522,0.0357048,-0.933641266476196,boating,81.0,,,,,,,,
665,47-2151,Pipelayers,-1.225611,-1.18099,-1.04947,-1.2064464464812599,,,,,,,,,,
666,51-4023,"Rolling Machine Setters, Operators, and Tenders, Metal and Plastic",-1.08921,-1.186053,-0.901472,-1.1289728357268503,,,,,,,,,,
667,53-7064,"Packers and Packagers, Hand",-1.51362,-1.193372,-2.100734,-1.4546814103902583,,,,,,,,,,
668,51-4033,"Grinding, Lapping, Polishing, and Buffing Machine Tool Setters, Operators, and Tenders, Metal and Plastic",-0.9901662,-1.194061,-0.5705464,-1.0546036748644358,MetalPolishing,3.4,,,,,,,,
669,47-2044,Tile and Marble Setters,-1.22543,-1.196271,-0.8504819,-1.2161266110089057,Tile,17.0,,,,,,,,
670,51-9032,"Cutting and Slicing Machine Setters, Operators, and Tenders",-1.079282,-1.198831,-0.6916952,-1.1276660034064467,,,,,,,,,,
671,49-3021,Automotive Body and Related Repairers,-1.180589,-1.199119,-0.7019437,-1.183739419946991,Autobody,66.0,AutoBodyRepair,6.7,,,,,,
672,53-3033,Light Truck or Delivery Services Drivers,-1.120501,-1.200241,-0.6486055,-1.1150916053710331,deliverydrivers,4.1,,,,,,,,
673,51-7042,"Woodworking Machine Setters, Operators, and Tenders, Except Sawing",-1.130357,-1.203906,-0.9519568,-1.159569079576831,Woodcarving,282.0,Woodworking,5300.0,,,,,,
674,51-7032,"Patternmakers, Wood",-1.057897,-1.208153,-0.6268479,-1.1248294932313296,Woodcarving,282.0,Woodworking,5300.0,,,,,,
675,49-9045,"Refractory Materials Repairers, Except Brickmasons",-1.237463,-1.208758,-1.133563,-1.230100126051409,,,,,,,,,,
676,49-9041,Industrial Machinery Mechanics,-1.133177,-1.217021,-0.8465762,-1.1641550102586324,Industrial,,,,,,,,,
677,51-9022,"Grinding and Polishing Workers, Hand",-1.146524,-1.219517,-0.7962199,-1.1881344491178614,MetalPolishing,3.4,,,,,,,,
678,49-3022,Automotive Glass Installers and Repairers,-1.202285,-1.234898,-0.6595066,-1.1957630296527093,,,,,,,,,,
679,51-7021,Furniture Finishers,-1.197727,-1.238141,-0.5871682,-1.212735843002277,furniturerestoration,91.0,furniture_design,14.0,,,,,,
680,49-3041,Farm Equipment Mechanics and Service Technicians,-1.20703,-1.238646,-1.02506,-1.2305250666895398,,,,,,,,,,
681,45-2091,Agricultural Equipment Operators,-1.145156,-1.239969,-0.8547034,-1.1739910376505251,Tractor,2.1,,,,,,,,
682,51-9195,"Molders, Shapers, and Casters, Except Metal and Plastic",-1.183408,-1.241238,-0.6597264,-1.212757724758384,,,,,,,,,,
683,47-2211,Sheet Metal Workers,-1.174972,-1.244711,-0.7386251,-1.1906795472331628,sheetmetal,6.6,,,,,,,,
684,47-2031,Carpenters,-1.323631,-1.245253,-1.13992,-1.3015551655055155,carpenters,1.3,,,,,,,,
685,53-7031,Dredge Operators,-1.016648,-1.25554,-0.3888935,-1.0735143127894664,,,,,,,,,,
686,39-9031,Fitness Trainers and Aerobics Instructors,-2.111948,-1.2572,-3.307651,-1.8876922078412195,personaltraining,43.0,,,,,,,,
687,49-3042,"Mobile Heavy Equipment Mechanics, Except Engines",-1.169815,-1.258737,-0.7082888,-1.2000544525881127,heavyequipment,18.0,,,,,,,,
688,47-4071,Septic Tank Servicers and Sewer Pipe Cleaners,-1.210591,-1.260409,-0.9217188,-1.219736190057632,SepticTankCleaning,1.5,,,,,,,,
689,53-7081,Refuse and Recyclable Material Collectors,-1.283373,-1.262763,-0.9049217,-1.2613432529875301,,,,,,,,,,
690,51-7041,"Sawing Machine Setters, Operators, and Tenders, Wood",-1.165031,-1.265049,-0.8215746,-1.201747616992301,,,,,,,,,,
691,47-2121,Glaziers,-1.388901,-1.267038,-1.279049,-1.359488199027609,,,,,,,,,,
692,53-5011,Sailors and Marine Oilers,-1.150001,-1.269228,-0.6032496,-1.1463776906371916,,,,,,,,,,
693,51-6031,Sewing Machine Operators,-0.9639661,-1.272624,-0.178801,-1.0764510119152406,sewing,1500.0,SewingStations,5.6,,,,,,
694,51-2091,Fiberglass Laminators and Fabricators,-1.216496,-1.276767,-0.7686316,-1.2225948364600276,fabrication,18.0,,,,,,,,
695,49-9096,Riggers,-1.221519,-1.277513,-0.5586912,-1.2147476709023355,Rigging,30.0,,,,,,,,
696,51-9121,"Coating, Painting, and Spraying Machine Setters, Operators, and Tenders",-1.121331,-1.278573,-0.5086694,-1.153032977100836,,,,,,,,,,
697,47-4051,Highway Maintenance Workers,-1.27909,-1.281572,-1.171033,-1.2826059954871325,,,,,,,,,,
698,49-9011,Mechanical Door Repairers,-1.383152,-1.281903,-1.186684,-1.347248816303127,,,,,,,,,,
699,47-5042,Mine Cutting and Channeling Machine Operators,-1.200425,-1.282551,-0.9489608,-1.2283749704759352,mining,36.0,,,,,,,,
700,49-9044,Millwrights,-1.266085,-1.283911,-0.9461099,-1.2762415420672832,millwrights,12.0,,,,,,,,
701,51-9191,Adhesive Bonding Machine Operators and Tenders,-1.311418,-1.285473,-1.290612,-1.3118751148925063,,,,,,,,,,
702,33-2011,Firefighters,-1.320232,-1.287125,-1.016914,-1.3005616285715287,firefighters,8.7,,,,,,,,
703,27-2021,Athletes and Sports Competitors,-1.814336,-1.290383,-2.461248,-1.673998900767771,,,,,,,,,,
704,51-4121,"Welders, Cutters, Solderers, and Brazers",-1.197596,-1.297821,-0.6965669,-1.2208723756599975,Weldingporn,108.0,weldingengineering,1.8,,,,,,
705,47-2071,"Paving, Surfacing, and Tamping Equipment Operators",-1.184739,-1.303123,-0.8029556,-1.2133274928461772,,,,,,,,,,
706,51-4051,Metal-Refining Furnace Operators and Tenders,-1.167465,-1.303524,-0.7556936,-1.1957324926987463,PreciousMetalRefining,3.3,,,,,,,,
707,53-4021,"Railroad Brake, Signal, and Switch Operators",-1.217647,-1.306099,-0.7716674,-1.2151480875645275,trains,306.0,,,,,,,,
708,49-9098,"Helpers--Installation, Maintenance, and Repair Workers",-1.346555,-1.320576,-1.097894,-1.332887042361991,,,,,,,,,,
709,51-4021,"Extruding and Drawing Machine Setters, Operators, and Tenders, Metal and Plastic",-1.234352,-1.324775,-0.8867821,-1.2631506102965153,,,,,,,,,,
710,51-7011,Cabinetmakers and Bench Carpenters,-1.327489,-1.326847,-1.027223,-1.3461505929951942,cabinetry,20.0,,,,,,,,
711,47-2082,Tapers,-1.540774,-1.344603,-1.505167,-1.4874011865710208,,,,,,,,,,
712,53-7021,Crane and Tower Operators,-1.030619,-1.351634,-0.0267313,-1.0965624393893012,cranes,11.0,,,,,,,,
713,45-4022,Logging Equipment Operators,-1.003702,-1.355217,0.0052305,-1.0846234208519903,,,,,,,,,,
714,47-5041,Continuous Mining Machine Operators,-1.165492,-1.355229,-0.600429,-1.2057350816289512,mining,36.0,,,,,,,,
715,51-9198,Helpers--Production Workers,-1.411304,-1.35537,-1.337081,-1.400346831314882,,,,,,,,,,
716,51-9199,"Production Workers, All Other",-1.290964,-1.3628,-0.9111404,-1.3137047688588404,production,4.7,,,,,,,,
717,53-7032,Excavating and Loading Machine and Dragline Operators,-1.144356,-1.364242,-0.4856675,-1.1935287741472642,,,,,,,,,,
718,47-3012,Helpers--Carpenters,-1.425282,-1.370165,-1.162826,-1.4063464276804065,carpenters,1.3,,,,,,,,
719,45-3021,Hunters and Trappers,-1.304797,-1.374077,-0.6322411,-1.3012021402700127,Hunting,226.0,,,,,,,,
720,47-2141,"Painters, Construction and Maintenance",-1.58799,-1.380682,-1.580887,-1.529559348953847,paint,30.0,Construction,374.0,,,,,,
721,53-7033,"Loading Machine Operators, Underground Mining",-1.262688,-1.390484,-0.7545732,-1.2873890468919216,mining,36.0,,,,,,,,
722,47-5011,"Derrick Operators, Oil and Gas",-1.415002,-1.390568,-1.35991,-1.4049029554658028,,,,,,,,,,
723,53-3032,Heavy and Tractor-Trailer Truck Drivers,-1.149057,-1.400404,-0.287732,-1.1928539961164109,Truckers,272.0,,,,,,,,
724,53-7121,"Tank Car, Truck, and Ship Loaders",-1.38776,-1.403185,-1.098081,-1.3781748777010572,,,,,,,,,,
725,47-2061,Construction Laborers,-1.622988,-1.404981,-1.730415,-1.5680457126677623,Construction,374.0,,,,,,,,
726,51-6093,Upholsterers,-1.313735,-1.405178,-0.5489876,-1.3520912012204815,upholstery,87.0,,,,,,,,
727,47-2041,Carpet Installers,-1.564577,-1.414355,-1.434723,-1.5142987538732524,carpet,2.2,,,,,,,,
728,51-6064,"Textile Winding, Twisting, and Drawing Out Machine Setters, Operators, and Tenders",-1.392929,-1.416544,-1.282726,-1.426350799149899,textiles,4.5,,,,,,,,
729,49-3093,Tire Repairers and Changers,-1.550724,-1.422963,-1.562023,-1.5186621609146,tires,20.0,,,,,,,,
730,45-2092,"Farmworkers and Laborers, Crop, Nursery, and Greenhouse",-1.601349,-1.43235,-1.590792,-1.550517278383887,farming,154.0,,,,,,,,
731,35-9011,Dining Room and Cafeteria Attendants and Bartender Helpers,-1.927078,-1.432733,-2.709109,-1.820105706049927,,,,,,,,,,
732,49-9095,Manufactured Building and Mobile Home Installers,-1.414062,-1.439807,-0.9141364,-1.4221835788448638,,,,,,,,,,
733,47-3013,Helpers--Electricians,-1.506896,-1.445099,-1.027616,-1.4926294132487001,electrical,119.0,electricians,426.0,,,,,,
734,47-2072,Pile-Driver Operators,-1.220009,-1.454892,-0.4557943,-1.2832834315234092,,,,,,,,,,
735,47-3015,"Helpers--Pipelayers, Plumbers, Pipefitters, and Steamfitters",-1.678876,-1.461957,-1.70948,-1.6389699691785313,Plumbing,325.0,,,,,,,,
736,51-9197,Tire Builders,-1.610915,-1.462842,-1.899106,-1.6048199298345578,,,,,,,,,,
737,49-9093,"Fabric Menders, Except Garment",-1.372839,-1.464355,-0.9396479,-1.4372223887966427,Tailors,22.0,,,,,,,,
738,47-2022,Stonemasons,-1.714759,-1.483119,-1.65309,-1.6500403455183408,stonemasonry,14.0,masonry,10.0,,,,,,
739,49-3043,Rail Car Repairers,-1.448102,-1.48498,-1.04777,-1.4550125219617973,trains,306.0,,,,,,,,
740,47-2081,Drywall and Ceiling Tile Installers,-1.647971,-1.496086,-1.466766,-1.6012762647109535,drywall,44.0,,,,,,,,
741,47-4061,Rail-Track Laying and Maintenance Equipment Operators,-1.39906,-1.496825,-0.8163661,-1.405111798919861,trains,306.0,,,,,,,,
742,53-7111,Mine Shuttle Car Operators,-1.351998,-1.497306,-0.7834548,-1.4058653517819772,mining,36.0,,,,,,,,
743,53-7062,"Laborers and Freight, Stock, and Material Movers, Hand",-1.709183,-1.49843,-1.791936,-1.648159440623912,,,,,,,,,,
744,47-5071,"Roustabouts, Oil and Gas",-1.518977,-1.500306,-1.290783,-1.5088619450472218,,,,,,,,,,
745,47-2131,"Insulation Workers, Floor, Ceiling, and Wall",-1.618772,-1.509682,-1.406108,-1.570504343286607,Insulation,6.5,,,,,,,,
746,45-3011,Fishers and Related Fishing Workers,-1.513249,-1.51147,-1.135979,-1.4983333628522784,commercialfishing,2.9,,,,,,,,
747,53-7061,Cleaners of Vehicles and Equipment,-1.629897,-1.535339,-1.417647,-1.6132135673636299,,,,,,,,,,
748,51-3023,Slaughterers and Meat Packers,-1.834668,-1.542946,-2.529332,-1.8091296082084931,,,,,,,,,,
749,47-2181,Roofers,-1.752941,-1.553439,-1.779166,-1.695679881181509,Roofing,76.0,,,,,,,,
750,35-9021,Dishwashers,-1.738612,-1.561163,-1.787455,-1.7086382771870678,dishwashers,35.0,,,,,,,,
751,47-2142,Paperhangers,-1.72753,-1.56578,-1.527853,-1.6840449004277491,,,,,,,,,,
752,51-9122,"Painters, Transportation Equipment",-1.447553,-1.568217,-0.5831384,-1.468442022374686,paint,30.0,,,,,,,,
753,47-5081,Helpers--Extraction Workers,-1.543154,-1.572339,-1.176056,-1.5428265951093272,,,,,,,,,,
754,47-2043,Floor Sanders and Finishers,-1.748722,-1.574358,-1.827787,-1.7318500730588782,Flooring,58.0,,,,,,,,
755,53-7051,Industrial Truck and Tractor Operators,-1.39869,-1.575411,-0.6986788,-1.4398990068503719,tractors,43.0,,,,,,,,
756,47-2161,Plasterers and Stucco Masons,-1.755588,-1.577907,-1.630645,-1.7043670187370143,Plastering,6.9,,,,,,,,
757,37-3013,Tree Trimmers and Pruners,-1.727035,-1.580793,-1.710986,-1.6976726387779493,,,,,,,,,,
758,47-5061,"Roof Bolters, Mining",-1.618518,-1.592865,-1.429924,-1.611500178544109,mining,36.0,,,,,,,,
759,47-2021,Brickmasons and Blockmasons,-1.75434,-1.606938,-1.527488,-1.6979600301548192,masonry,10.0,,,,,,,,
760,47-5051,"Rock Splitters, Quarry",-1.763494,-1.614262,-1.737546,-1.7349672536591962,,,,,,,,,,
761,51-4071,Foundry Mold and Coremakers,-1.740349,-1.641733,-1.785023,-1.7334120385330012,,,,,,,,,,
762,37-3011,Landscaping and Groundskeeping Workers,-1.824293,-1.656454,-1.701905,-1.7747332752560894,landscaping,943.0,,,,,,,,
763,47-3016,Helpers--Roofers,-1.89822,-1.667881,-1.963525,-1.8235649300054497,Roofing,76.0,,,,,,,,
764,47-4031,Fence Erectors,-1.902113,-1.675288,-1.983882,-1.8460193659723807,FenceBuilding,12.0,,,,,,,,
765,47-2051,Cement Masons and Concrete Finishers,-1.777407,-1.677608,-1.529691,-1.7449015193249742,masonry,10.0,stonemasonry,14.0,,,,,,
766,47-2053,Terrazzo Workers and Finishers,-1.776065,-1.684962,-1.535917,-1.7504015841554357,masonry,10.0,stonemasonry,14.0,,,,,,
767,47-2221,Structural Iron and Steel Workers,-1.780065,-1.700957,-1.47447,-1.7512499443172282,steel,4.1,,,,,,,,
768,47-3014,"Helpers--Painters, Paperhangers, Plasterers, and Stucco Masons",-2.04484,-1.71112,-2.137725,-1.9388400309725213,masonry,10.0,,,,,,,,
769,47-2171,Reinforcing Iron and Rebar Workers,-1.970997,-1.781242,-1.9685,-1.9246700995199038,Ironworker,12.0,,,,,,,,
770,45-4021,Fallers,-1.795407,-1.791424,-1.498815,-1.788598452273516,,,,,,,,,,
771,27-2031,Dancers,-2.669758,-1.79308,-3.654782,-2.4075225842802546,dancers,1.4,,,,,,,,
772,47-3011,"Helpers--Brickmasons, Blockmasons, Stonemasons, and Tile and Marble Setters",-1.94229,-1.82175,-1.728003,-1.896642846947315,masonry,10.0,stonemasonry,14.0,,,,,,
773,51-6021,"Pressers, Textile, Garment, and Related Materials",-1.950063,-1.853906,-1.892426,-1.9674858509109294,textiles,4.5,,,,,,,,
