SOC,Occupation,sub_1,size_1,sub_2,size_2,sub_3,size_3,sub_4,size_4,sub_5,size_5
41-9041,Telemarketers,,,,,,,,,,
25-1123,"English Language and Literature Teachers, Postsecondary",Professors,133.0,englishteachers,6.7,,,,,,
25-1124,"Foreign Language and Literature Teachers, Postsecondary",Professors,133.0,,,,,,,,
25-1125,"History Teachers, Postsecondary",Professors,133.0,historyteachers,17.0,,,,,,
25-1112,"Law Teachers, Postsecondary",Professors,133.0,LawSchool,605.0,law,288.0,,,,
25-1126,"Philosophy and Religion Teachers, Postsecondary",Professors,133.0,Philosophy,1800.0,,,,,,
25-1067,"Sociology Teachers, Postsecondary",Professors,133.0,Sociology_Academic,6.7,,,,,,
25-1065,"Political Science Teachers, Postsecondary",Professors,133.0,PoliticalScience,51.0,,,,,,
25-1111,"Criminal Justice and Law Enforcement Teachers, Postsecondary",Professors,133.0,,,,,,,,
19-3041,Sociologists,sociology,126.0,,,,,,,,
25-1113,"Social Work Teachers, Postsecondary",Professors,133.0,socialwork,84.0,,,,,,
25-1066,"Psychology Teachers, Postsecondary",Professors,133.0,psychology,2900.0,,,,,,
25-1122,"Communications Teachers, Postsecondary",Professors,133.0,,,,,,,,
19-3094,Political Scientists,PoliticalScience,51.0,,,,,,,,
25-1062,"Area, Ethnic, and Cultural Studies Teachers, Postsecondary",Professors,133.0,,,,,,,,
23-1022,"Arbitrators, Mediators, and Conciliators",LawSchool,605.0,law,288.0,attorneys,3.8,,,,
23-1023,"Judges, Magistrate Judges, and Magistrates",LawSchool,605.0,law,288.0,attorneys,3.8,,,,
25-1064,"Geography Teachers, Postsecondary",Professors,133.0,,,,,,,,
25-1082,"Library Science Teachers, Postsecondary",Professors,133.0,librarians,34.0,,,,,,
19-3031,"Clinical, Counseling, and School Psychologists",psychologist,4.1,psychologists,2.7,,,,,,
25-1081,"Education Teachers, Postsecondary",Professors,133.0,education,182.0,,,,,,
25-1011,"Business Teachers, Postsecondary",Professors,133.0,business,2100.0,,,,,,
25-1053,"Environmental Science Teachers, Postsecondary",Professors,133.0,environmental_science,56.0,,,,,,
43-3061,Procurement Clerks,procurement,10.0,,,,,,,,
25-1043,"Forestry and Conservation Science Teachers, Postsecondary",Professors,133.0,,,,,,,,
13-1071,Human Resources Specialists,humanresources,128.0,,,,,,,,
13-1111,Management Analysts,management,35.0,managementconsulting,7.6,businessanalysis,63.0,,,,
23-1021,"Administrative Law Judges, Adjudicators, and Hearing Officers",LawSchool,605.0,law,288.0,attorneys,3.8,,,,
43-4041,"Credit Authorizers, Checkers, and Clerks",,,,,,,,,,
11-9033,"Education Administrators, Postsecondary",education,182.0,Professors,133.0,,,,,,
21-1014,Mental Health Counselors,,,,,,,,,,
25-1061,"Anthropology and Archeology Teachers, Postsecondary",Professors,133.0,Anthropology,140.0,Archaeology,185.0,,,,
25-1051,"Atmospheric, Earth, Marine, and Space Sciences Teachers, Postsecondary",Professors,133.0,ScienceTeachers,41.0,,,,,,
27-3031,Public Relations Specialists,PublicRelations,32.0,,,,,,,,
23-1012,Judicial Law Clerks,LawSchool,605.0,law,288.0,attorneys,3.8,,,,
41-9091,"Door-To-Door Sales Workers, News and Street Vendors, and Related Workers",sales,312.0,,,,,,,,
13-1023,"Purchasing Agents, Except Wholesale, Retail, and Farm Products",procurement,10.0,,,,,,,,
25-1042,"Biological Science Teachers, Postsecondary",Professors,133.0,ScienceTeachers,41.0,,,,,,
19-3093,Historians,AskHistorians,2000.0,Historians,1.7,,,,,,
25-3099,"Teachers and Instructors, All Other",Teachers,856.0,,,,,,,,
43-4161,"Human Resources Assistants, Except Payroll and Timekeeping",humanresources,128.0,,,,,,,,
29-9092,Genetic Counselors,GeneticCounseling,5.1,,,,,,,,
13-2072,Loan Officers,,,,,,,,,,
21-1013,Marriage and Family Therapists,therapists,105.0,,,,,,,,
27-3022,Reporters and Correspondents,Journalism,68.0,journalismjobs,8.3,,,,,,
21-2011,Clergy,pastors,1.7,,,,,,,,
25-1192,"Home Economics Teachers, Postsecondary",Professors,133.0,,,,,,,,
11-3111,Compensation and Benefits Managers,managers,55.0,,,,,,,,
25-1063,"Economics Teachers, Postsecondary",Professors,133.0,Economics,4100.0,,,,,,
23-1011,Lawyers,LawSchool,605.0,law,288.0,attorneys,3.8,,,,
25-1052,"Chemistry Teachers, Postsecondary",Professors,133.0,chemistry,2700.0,,,,,,
43-4111,"Interviewers, Except Eligibility and Loan",,,,,,,,,,
25-3011,Adult Basic and Secondary Education and Literacy Teachers and Instructors,Teachers,856.0,ReadingTeacher,1.3,,,,,,
43-9081,Proofreaders and Copy Markers,Proofreading,15.0,Copyediting,6.3,,,,,,
13-1075,Labor Relations Specialists,,,,,,,,,,
25-1193,"Recreation and Fitness Studies Teachers, Postsecondary",Professors,133.0,,,,,,,,
19-3032,Industrial-Organizational Psychologists,IOPsychology,30.0,,,,,,,,
41-3021,Insurance Sales Agents,InsuranceProfessional,14.0,InsuranceAgent,12.0,,,,,,
43-4061,"Eligibility Interviewers, Government Programs",,,,,,,,,,
43-2021,Telephone Operators,,,,,,,,,,
25-1022,"Mathematical Science Teachers, Postsecondary",Professors,133.0,mathteachers,8.5,,,,,,
13-1131,Fundraisers,,,,,,,,,,
13-2052,Personal Financial Advisors,FinancialCareers,1100.0,,,,,,,,
11-3061,Purchasing Managers,procurement,10.0,,,,,,,,
25-1021,"Computer Science Teachers, Postsecondary",Professors,133.0,cscareerquestions,1500.0,,,,,,
23-2093,"Title Examiners, Abstractors, and Searchers",,,,,,,,,,
11-2031,Public Relations and Fundraising Managers,PublicRelations,32.0,,,,,,,,
25-1191,Graduate Teaching Assistants,GradSchool,623.0,,,,,,,,
29-1066,Psychiatrists,Psychiatry,122.0,,,,,,,,
29-1031,Dietitians and Nutritionists,,,,,,,,,,
19-3092,Geographers,geography,570.0,,,,,,,,
13-1141,"Compensation, Benefits, and Job Analysis Specialists",humanresources,128.0,,,,,,,,
11-3121,Human Resources Managers,humanresources,128.0,,,,,,,,
13-2061,Financial Examiners,Compliance,2.6,,,,,,,,
13-1161,Market Research Analysts and Marketing Specialists,Marketresearch,7.8,MarektingResearch,18.0,marketing,992.0,,,,
13-2071,Credit Counselors,,,,,,,,,,
21-2021,"Directors, Religious Activities and Education",,,,,,,,,,
27-3091,Interpreters and Translators,translator,178.0,,,,,,,,
41-9021,Real Estate Brokers,RealEstate,1300.0,,,,,,,,
29-1127,Speech-Language Pathologists,SpeechTherapyTech,2.4,,,,,,,,
25-1032,"Engineering Teachers, Postsecondary",Professors,133.0,AskEngineers,1400.0,,,,,,
11-3131,Training and Development Managers,managers,56.0,management,35.0,,,,,,
43-4031,"Court, Municipal, and License Clerks",,,,,,,,,,
25-2053,"Special Education Teachers, Middle School",Teachers,856.0,specialed,27.0,specialeducation,11.0,,,,
23-2011,Paralegals and Legal Assistants,paralegal,41.0,,,,,,,,
19-3011,Economists,Economics,4100.0,,,,,,,,
19-3039,"Psychologists, All Other",psychology,2900.0,,,,,,,,
25-9031,Instructional Coordinators,instructionaldesign,33.0,,,,,,,,
13-1151,Training and Development Specialists,Training,7.9,,,,,,,,
27-3042,Technical Writers,technicalwriting,29.0,,,,,,,,
11-9111,Medical and Health Services Managers,healthcareadmin,2.5,,,,,,,,
11-1011,Chief Executives,ceo,3.4,business,2100.0,managers,56.0,,,,
13-2031,Budget Analysts,Analyst,4.3,,,,,,,,
43-6013,Medical Secretaries,AdminAssistant,1.4,ExecutiveAssistants,22.0,,,,,,
11-3031,Financial Managers,managers,56.0,finance,2000.0,,,,,,
11-2022,Sales Managers,sales,314.0,managers,56.0,,,,,,
25-2022,"Middle School Teachers, Except Special and Career/Technical Education",Teachers,856.0,MiddleSchoolTeacher,3.0,,,,,,
19-1041,Epidemiologists,epidemiology,22.0,,,,,,,,
19-3022,Survey Researchers,research,28.0,,,,,,,,
41-3041,Travel Agents,travelagents,6.8,,,,,,,,
43-4131,Loan Interviewers and Clerks,loanoriginators,15.0,,,,,,,,
13-2051,Financial Analysts,FinancialAnalyst,2.4,dataanalyst,15.0,dataanalysis,106.0,,,,
43-3011,Bill and Account Collectors,,,,,,,,,,
13-2053,Insurance Underwriters,Underwriting,1.4,,,,,,,,
41-3031,"Securities, Commodities, and Financial Services Sales Agents",sales,314.0,FinancialCareers,1100.0,,,,,,
19-2021,Atmospheric and Space Scientists,astrophysics,73.0,,,,,,,,
41-1012,First-Line Supervisors of Non-Retail Sales Workers,managers,56.0,,,,,,,,
43-9041,Insurance Claims and Policy Processing Clerks,InsuranceProfessional,14.0,InsuranceAgent,12.0,,,,,,
43-5011,Cargo and Freight Agents,FreightBrokers,28.0,,,,,,,,
43-6014,"Secretaries and Administrative Assistants, Except Legal, Medical, and Executive",ExecutiveAssistants,22.0,,,,,,,,
13-2081,"Tax Examiners and Collectors, and Revenue Agents",,,,,,,,,,
21-1023,Mental Health and Substance Abuse Social Workers,socialwork,85.0,,,,,,,,
13-2099,"Financial Specialists, All Other",FinancialCareers,1100.0,,,,,,,,
25-2031,"Secondary School Teachers, Except Special and Career/Technical Education",Teachers,856.0,highschoolteachers,1.4,,,,,,
13-1011,"Agents and Business Managers of Artists, Performers, and Athletes",,,,,,,,,,
25-1031,"Architecture Teachers, Postsecondary",architecture,1500.0,,,,,,,,
43-2011,"Switchboard Operators, Including Answering Service",,,,,,,,,,
15-2041,Statisticians,statistics,565.0,,,,,,,,
41-3099,"Sales Representatives, Services, All Other",sales,314.0,,,,,,,,
11-9121,Natural Sciences Managers,,,,,,,,,,
25-1054,"Physics Teachers, Postsecondary",Teachers,856.0,,,,,,,,
15-2031,Operations Research Analysts,OperationsResearch,5.9,,,,,,,,
27-3021,Broadcast News Analysts,Broadcasting,8.5,,,,,,,,
25-1071,"Health Specialties Teachers, Postsecondary",Professors,133.0,,,,,,,,
11-9151,Social and Community Service Managers,,,,,,,,,,
11-2011,Advertising and Promotions Managers,advertising,181.0,,,,,,,,
11-9141,"Property, Real Estate, and Community Association Managers",RealEstate,1300.0,,,,,,,,
13-2011,Accountants and Auditors,Accounting,663.0,audit,4.5,,,,,,
21-1011,Substance Abuse and Behavioral Disorder Counselors,,,,,,,,,,
11-2021,Marketing Managers,marketing,1000.0,managers,56.0,,,,,,
43-4141,New Accounts Clerks,,,,,,,,,,
15-2011,Actuaries,actuary,48.0,,,,,,,,
11-9032,"Education Administrators, Elementary and Secondary School",Principals,2.1,Teachers,856.0,,,,,,
21-1012,"Educational, Guidance, School, and Vocational Counselors",,,,,,,,,,
31-9094,Medical Transcriptionists,Transcription,5.0,,,,,,,,
27-3041,Editors,editors,127.0,,,,,,,,
43-4021,Correspondence Clerks,,,,,,,,,,
27-3043,Writers and Authors,writers,212.0,Writer,7.0,authors,11.0,,,,
19-1042,"Medical Scientists, Except Epidemiologists",medicine,476.0,medicalschool,730.0,,,,,,
15-2021,Mathematicians,mathematics,133.0,math,2800.0,,,,,,
15-1133,"Software Developers, Systems Software",softwaredevelopment,86.0,SoftwareEngineering,99.0,software,224.0,programming,6100.0,coding,592.0
43-3051,Payroll and Timekeeping Clerks,Payroll,6.0,,,,,,,,
25-1041,"Agricultural Sciences Teachers, Postsecondary",ScienceTeachers,41.0,,,,,,,,
43-6012,Legal Secretaries,legal,180.0,,,,,,,,
29-1065,"Pediatricians, General",pediatrics,10.0,,,,,,,,
13-2082,Tax Preparers,Accounting,663.0,Bookkeeping,37.0,,,,,,
43-3021,Billing and Posting Clerks,,,,,,,,,,
43-1011,First-Line Supervisors of Office and Administrative Support Workers,managers,56.0,,,,,,,,
13-1051,Cost Estimators,,,,,,,,,,
43-5032,"Dispatchers, Except Police, Fire, and Ambulance",,,,,,,,,,
19-4061,Social Science Research Assistants,GradSchool,627.0,,,,,,,,
27-3011,Radio and Television Announcers,Broadcasting,8.5,Journalism,68.0,,,,,,
41-3011,Advertising Sales Agents,,,,,,,,,,
17-2011,Aerospace Engineers,AerospaceEngineering,84.0,AskEngineers,1400.0,,,,,,
29-1062,Family and General Practitioners,FamilyMedicine,34.0,,,,,,,,
13-1031,"Claims Adjusters, Examiners, and Investigators",ClaimsAdjuster,1.6,adjusters,7.4,,,,,,
43-6011,Executive Secretaries and Executive Administrative Assistants,ExecutiveAssistants,22.0,,,,,,,,
19-2012,Physicists,Physics,2600.0,PhysicsStudents,88.0,,,,,,
21-1022,Healthcare Social Workers,socialwork,85.0,,,,,,,,
13-2041,Credit Analysts,,,,,,,,,,
19-3099,"Social Scientists and Related Workers, All Other",socialscience,34.0,,,,,,,,
13-1081,Logisticians,logistics,33.0,,,,,,,,
43-4051,Customer Service Representatives,CustomerService,27.0,,,,,,,,
19-3051,Urban and Regional Planners,urbanplanning,200.0,,,,,,,,
17-2161,Nuclear Engineers,NuclearEngineering,1.6,AskEngineers,1400.0,,,,,,
39-6012,Concierges,,,,,,,,,,
43-9111,Statistical Assistants,statistics,565.0,,,,,,,,
15-1121,Computer Systems Analysts,,,,,,,,,,
15-1122,Information Security Analysts,Information_Security,24.0,,,,,,,,
17-2081,Environmental Engineers,EnvironmentalEngineer,6.6,AskEngineers,1400.0,,,,,,
15-1199,"Computer Occupations, All Other",InformationTechnology,44.0,,,,,,,,
41-4012,"Sales Representatives, Wholesale and Manufacturing, Except Technical and Scientific Products",sales,314.0,,,,,,,,
19-2011,Astronomers,Astronomy,2900.0,,,,,,,,
17-2171,Petroleum Engineers,petroleumengineers,2.2,,,,,,,,
43-4171,Receptionists and Information Clerks,AdminAssistant,1.4,,,,,,,,
27-2041,Music Directors and Composers,composer,84.0,,,,,,,,
17-2151,"Mining and Geological Engineers, Including Mining Safety Engineers",Geoengineering,2.5,mining,36.0,AskEngineers,1400.0,,,,
43-4011,Brokerage Clerks,,,,,,,,,,
41-9031,Sales Engineers,salesengineers,,,,,,,,,
15-1131,Computer Programmers,softwaredevelopment,86.0,SoftwareEngineering,99.0,software,224.0,programming,6100.0,coding,592.0
25-2021,"Elementary School Teachers, Except Special Education",Teachers,856.0,,,,,,,,
39-1011,Gaming Supervisors,,,,,,,,,,
25-1121,"Art, Drama, and Music Teachers, Postsecondary",Teachers,856.0,,,,,,,,
29-1063,"Internists, General",InternalMedicine,11.0,,,,,,,,
25-2054,"Special Education Teachers, Secondary School",specialed,27.0,,,,,,,,
15-1141,Database Administrators,DatabaseAdministrators,2.1,Database,54.0,,,,,,
25-4021,Librarians,librarians,34.0,,,,,,,,
17-2061,Computer Hardware Engineers,ComputerHardware,1.3,AskEngineers,1400.0,,,,,,
19-1011,Animal Scientists,veterinaryprofession,20.0,animalscience,2.1,,,,,,
21-1091,Health Educators,,,,,,,,,,
15-1111,Computer and Information Research Scientists,,,,,,,,,,
11-9031,"Education Administrators, Preschool and Childcare Center/Program",Principals,2.1,,,,,,,,
21-1021,"Child, Family, and School Social Workers",socialwork,85.0,,,,,,,,
41-4011,"Sales Representatives, Wholesale and Manufacturing, Technical and Scientific Products",sales,314.0,,,,,,,,
11-3021,Computer and Information Systems Managers,InformationTechnology,44.0,,,,,,,,
27-4013,Radio Operators,radio,15.0,,,,,,,,
25-2052,"Special Education Teachers, Kindergarten and Elementary School",specialed,27.0,,,,,,,,
17-2051,Civil Engineers,civilengineering,134.0,AskEngineers,1400.0,,,,,,
13-1199,"Business Operations Specialists, All Other",,,,,,,,,,
19-2099,"Physical Scientists, All Other",scientificresearch,7.5,,,,,,,,
43-9061,"Office Clerks, General",,,,,,,,,,
11-9199,"Managers, All Other",managers,56.0,,,,,,,,
17-2041,Chemical Engineers,ChemicalEngineering,97.0,,,,,,,,
17-2112,Industrial Engineers,industrialengineering,16.0,,,,,,,,
11-3071,"Transportation, Storage, and Distribution Managers",,,,,,,,,,
23-2091,Court Reporters,courtreporting,2.3,,,,,,,,
17-2071,Electrical Engineers,ElectricalEngineering,217.0,AskEngineers,1400.0,,,,,,
11-9161,Emergency Management Directors,EmergencyManagement,7.5,,,,,,,,
21-1092,Probation Officers and Correctional Treatment Specialists,Corrections,1.5,,,,,,,,
19-1029,"Biological Scientists, All Other",biology,4000.0,,,,,,,,
15-1132,"Software Developers, Applications",softwaredevelopment,86.0,SoftwareEngineering,99.0,software,224.0,programming,6100.0,coding,592.0
19-2041,"Environmental Scientists and Specialists, Including Health",environmental_science,57.0,,,,,,,,
11-9131,Postmasters and Mail Superintendents,usps,121.0,,,,,,,,
27-2012,Producers and Directors,directors,8.8,,,,,,,,
17-1012,Landscape Architects,LandscapeArchitecture,44.0,,,,,,,,
21-1015,Rehabilitation Counselors,rehabtherapy,5.6,,,,,,,,
25-3021,Self-Enrichment Education Teachers,,,,,,,,,,
27-1025,Interior Designers,InteriorDesign,861.0,,,,,,,,
43-3031,"Bookkeeping, Accounting, and Auditing Clerks",Accounting,663.0,Bookkeeping,37.0,,,,,,
19-1021,Biochemists and Biophysicists,Biochemistry,107.0,,,,,,,,
13-1022,"Wholesale and Retail Buyers, Except Farm Products",,,,,,,,,,
15-1134,Web Developers,softwaredevelopment,86.0,SoftwareEngineering,99.0,software,224.0,programming,6100.0,coding,592.0
19-2032,Materials Scientists,MaterialsScience,6.8,,,,,,,,
25-9021,Farm and Home Management Advisors,,,,,,,,,,
17-2131,Materials Engineers,AskEngineers,1400.0,,,,,,,,
43-5031,"Police, Fire, and Ambulance Dispatchers",,,,,,,,,,
27-3012,Public Address System and Other Announcers,,,,,,,,,,
11-3011,Administrative Services Managers,,,,,,,,,,
17-2111,"Health and Safety Engineers, Except Mining Safety Engineers and Inspectors",SafetyProfessionals,9.7,,,,,,,,
43-4151,Order Clerks,,,,,,,,,,
25-9041,Teacher Assistants,,,,,,,,,,
25-1072,"Nursing Instructors and Teachers, Postsecondary",Teachers,856.0,,,,,,,,
19-3091,Anthropologists and Archeologists,Anthropology,140.0,Archeology,245.0,,,,,,
13-1021,"Buyers and Purchasing Agents, Farm Products",,,,,,,,,,
39-7011,Tour Guides and Escorts,Tourguide,1.2,,,,,,,,
17-2031,Biomedical Engineers,BiomedicalEngineers,15.0,,,,,,,,
27-1011,Art Directors,,,,,,,,,,
11-9071,Gaming Managers,,,,,,,,,,
43-4081,"Hotel, Motel, and Resort Desk Clerks",,,,,,,,,,
39-9041,Residential Advisors,,,,,,,,,,
41-9022,Real Estate Sales Agents,RealEstate,1300.0,,,,,,,,
29-1181,Audiologists,audiology,10.0,,,,,,,,
25-4011,Archivists,Archivists,14.0,,,,,,,,
17-2021,Agricultural Engineers,AskEngineers,1400.0,,,,,,,,
29-1199,"Health Diagnosing and Treating Practitioners, All Other",,,,,,,,,,
17-2141,Mechanical Engineers,AskEngineers,1400.0,MechanicalEngineering,132.0,,,,,,
11-1021,General and Operations Managers,managers,56.0,,,,,,,,
17-3012,Electrical and Electronics Drafters,,,,,,,,,,
19-1020,Biologists,biology,4000.0,,,,,,,,
43-5061,"Production, Planning, and Expediting Clerks",production,4.7,,,,,,,,
27-4032,Film and Video Editors,production,4.7,editors,127.0,,,,,,
15-1152,Computer Network Support Specialists,,,,,,,,,,
25-4012,Curators,,,,,,,,,,
25-2051,"Special Education Teachers, Preschool",specialed,27.0,Teachers,866.0,,,,,,
25-2012,"Kindergarten Teachers, Except Special Education",Teachers,866.0,,,,,,,,
53-2021,Air Traffic Controllers,airtrafficcontrol,2.3,,,,,,,,
11-9041,Architectural and Engineering Managers,architecture,1500.0,architects,30.0,,,,,,
25-2023,"Career/Technical Education Teachers, Middle School",Teachers,866.0,,,,,,,,
11-9021,Construction Managers,ConstructionManagers,17.0,,,,,,,,
13-2021,Appraisers and Assessors of Real Estate,appraisal,6.3,,,,,,,,
39-1021,First-Line Supervisors of Personal Service Workers,managers,56.0,,,,,,,,
11-9039,"Education Administrators, All Other",Principals,2.1,,,,,,,,
29-1069,"Physicians and Surgeons, All Other",surgery,42.0,doctors,15.0,,,,,,
33-9021,Private Detectives and Investigators,PrivateInvestigator,3.8,,,,,,,,
17-1011,"Architects, Except Landscape and Naval",architecture,1500.0,architects,30.0,,,,,,
19-1013,Soil and Plant Scientists,plantScience,1.6,,,,,,,,
29-9011,Occupational Health and Safety Specialists,SafetyProfessionals,9.7,,,,,,,,
13-1032,"Insurance Appraisers, Auto Damage",,,,,,,,,,
17-2199,"Engineers, All Other",AskEngineers,1400.0,,,,,,,,
27-2011,Actors,Actors,7.4,,,,,,,,
19-1012,Food Scientists and Technologists,foodscience,33.0,,,,,,,,
13-1041,Compliance Officers,compliance,2.6,,,,,,,,
29-1051,Pharmacists,pharmacy,163.0,pharmacology,28.0,PharmacySchool,13.0,PharmacyTechnician,54.0,,
19-2042,"Geoscientists, Except Hydrologists and Geographers",geoscience,5.1,,,,,,,,
27-1021,Commercial and Industrial Designers,IndustrialDesign,131.0,,,,,,,,
21-1093,Social and Human Service Assistants,socialwork,85.0,,,,,,,,
19-2043,Hydrologists,Hydrology,9.2,,,,,,,,
17-3011,Architectural and Civil Drafters,architecture,1500.0,architects,30.0,,,,,,
29-1081,Podiatrists,Podiatry,5.0,,,,,,,,
17-3022,Civil Engineering Technicians,civilengineering,134.0,,,,,,,,
39-7012,Travel Guides,travelagents,6.8,TravelAgent,2.1,,,,,,
29-2071,Medical Records and Health Information Technicians,,,,,,,,,,
27-1024,Graphic Designers,graphic_design,1800.0,GraphicDesigning,19.0,,,,,,
13-1121,"Meeting, Convention, and Event Planners",EventPlanners,4.2,,,,,,,,
27-1022,Fashion Designers,fashiondesigner,11.0,,,,,,,,
43-9022,Word Processors and Typists,,,,,,,,,,
43-3041,Gaming Cage Workers,,,,,,,,,,
15-1143,Computer Network Architects,,,,,,,,,,
15-1142,Network and Computer Systems Administrators,InformationTechnology,44.0,,,,,,,,
19-1022,Microbiologists,microbiology,134.0,,,,,,,,
17-1021,Cartographers and Photogrammetrists,cartography,15.0,,,,,,,,
11-9081,Lodging Managers,,,,,,,,,,
29-2092,Hearing Aid Specialists,HearingAids,12.0,,,,,,,,
17-2072,"Electronics Engineers, Except Computer",AskEngineers,1400.0,,,,,,,,
15-2091,Mathematical Technicians,mathematics,133.0,,,,,,,,
33-9031,Gaming Surveillance Officers and Gaming Investigators,,,,,,,,,,
27-1014,Multimedia Artists and Animators,animationcareer,45.0,,,,,,,,
43-3071,Tellers,,,,,,,,,,
43-4181,Reservation and Transportation Ticket Agents and Travel Clerks,travelagents,6.8,TravelAgent,2.1,,,,,,
25-2032,"Career/Technical Education Teachers, Secondary School",Teachers,866.0,,,,,,,,
51-8011,Nuclear Power Reactor Operators,NuclearEngineering,1.6,AskEngineers,1400.0,,,,,,
43-9011,Computer Operators,,,,,,,,,,
29-1125,Recreational Therapists,recreationaltherapy,1.3,,,,,,,,
25-1194,"Vocational Education Teachers, Postsecondary",Teachers,866.0,Professors,133.0,,,,,,
17-3013,Mechanical Drafters,cad,55.0,,,,,,,,
39-3012,Gaming and Sports Book Writers and Runners,,,,,,,,,,
29-1064,Obstetricians and Gynecologists,ObstetricsGynecology,1.0,,,,,,,,
41-2031,Retail Salespersons,retail,23.0,,,,,,,,
11-3051,Industrial Production Managers,managers,56.0,,,,,,,,
17-3026,Industrial Engineering Technicians,industrialengineering,16.0,AskEngineers,1400.0,,,,,,
17-2121,Marine Engineers and Naval Architects,MarineEngineering,3.8,AskEngineers,1400.0,,,,,,
27-4014,Sound Engineering Technicians,SoundEngineering,6.1,AskEngineers,1400.0,,,,,,
11-9061,Funeral Service Managers,FuneralDirector,2.0,,,,,,,,
41-9011,Demonstrators and Product Promoters,sales,314.0,,,,,,,,
29-9012,Occupational Health and Safety Technicians,SafetyProfessionals,9.7,,,,,,,,
19-1023,Zoologists and Wildlife Biologists,zoology,56.0,,,,,,,,
19-2031,Chemists,chemistry,2700.0,,,,,,,,
15-1151,Computer User Support Specialists,,,,,,,,,,
25-2011,"Preschool Teachers, Except Special Education",Teachers,866.0,,,,,,,,
27-2022,Coaches and Scouts,,,,,,,,,,
29-1128,Exercise Physiologists,exercisescience,4.4,,,,,,,,
29-1161,Nurse Midwives,Midwives,13.0,Midwifery,2.7,,,,,,
29-1171,Nurse Practitioners,Nurse,85.0,nursepractitioner,38.0,,,,,,
27-2042,Musicians and Singers,musicproduction,406.0,musicians,83.0,musicindustry,17.0,,,,
39-3093,"Locker Room, Coatroom, and Dressing Room Attendants",,,,,,,,,,
29-9099,"Healthcare Practitioners and Technical Workers, All Other",healthcare,88.0,healthcareadmin,2.5,,,,,,
43-4121,"Library Assistants, Clerical",librarians,34.0,,,,,,,,
29-1141,Registered Nurses,RegisteredNurses,3.6,nursing,692.0,NursingStudents,31.0,,,,
25-9011,Audio-Visual and Multimedia Collections Specialists,audiovisual,3.2,,,,,,,,
29-1122,Occupational Therapists,OccupationalTherapy,36.0,,,,,,,,
51-8012,Power Distributors and Dispatchers,,,,,,,,,,
31-9099,"Healthcare Support Workers, All Other",healthcare,88.0,healthcareadmin,2.5,,,,,,
53-2022,Airfield Operations Specialists,airtrafficcontrol,2.3,,,,,,,,
43-4071,File Clerks,,,,,,,,,,
31-9092,Medical Assistants,physicianassistant,75.0,,,,,,,,
29-1061,Anesthesiologists,anesthesiology,39.0,,,,,,,,
41-1011,First-Line Supervisors of Retail Sales Workers,managers,56.0,,,,,,,,
17-3021,Aerospace Engineering and Operations Technicians,AerospaceEngineering,84.0,,,,,,,,
29-1041,Optometrists,optometry,40.0,,,,,,,,
35-9031,"Hosts and Hostesses, Restaurant, Lounge, and Coffee Shop",Serverlife,241.0,,,,,,,,
25-4031,Library Technicians,librarians,34.0,,,,,,,,
19-4099,"Life, Physical, and Social Science Technicians, All Other",Teachers,866.0,,,,,,,,
43-9021,Data Entry Keyers,,,,,,,,,,
33-3021,Detectives and Criminal Investigators,police,84.0,,,,,,,,
41-2021,Counter and Rental Clerks,,,,,,,,,,
53-1021,"First-Line Supervisors of Helpers, Laborers, and Material Movers, Hand",,,,,,,,,,
21-1094,Community Health Workers,,,,,,,,,,
29-1151,Nurse Anesthetists,RegisteredNurses,3.6,nursing,692.0,NursingStudents,31.0,,,,
19-4021,Biological Technicians,,,,,,,,,,
53-6041,Traffic Technicians,,,,,,,,,,
29-2091,Orthotists and Prosthetists,,,,,,,,,,
39-9032,Recreation Workers,,,,,,,,,,
29-2057,Ophthalmic Medical Technicians,,,,,,,,,,
17-3023,Electrical and Electronic Engineering Technicians,ElectricalEngineering,217.0,AskEngineers,1400.0,,,,,,
19-1031,Conservation Scientists,conservation,51.0,,,,,,,,
53-1031,First-Line Supervisors of Transportation and Material-Moving Machine and Vehicle Operators,,,,,,,,,,
47-4011,Construction and Building Inspectors,BuildingCodes,5.7,,,,,,,,
11-9051,Food Service Managers,FoodService,1.7,Serverlife,241.0,,,,,,
29-1011,Chiropractors,Chiropractic,18.0,,,,,,,,
29-1071,Physician Assistants,physicianassistant,75.0,,,,,,,,
39-3011,Gaming Dealers,,,,,,,,,,
29-2081,"Opticians, Dispensing",optician,2.7,,,,,,,,
39-1012,Slot Supervisors,,,,,,,,,,
29-1023,Orthodontists,orthodontics,5.0,,,,,,,,
19-4092,Forensic Science Technicians,forensics,47.0,,,,,,,,
29-2053,Psychiatric Technicians,Psychiatry,123.0,,,,,,,,
51-5111,Prepress Technicians and Workers,,,,,,,,,,
45-2011,Agricultural Inspectors,,,,,,,,,,
41-2022,Parts Salespersons,314,,,,,,,,,
33-9099,"Protective Service Workers, All Other",,,,,,,,,,
29-2033,Nuclear Medicine Technologists,NuclearMedicine,3.5,,,,,,,,
29-2052,Pharmacy Technicians,pharmacy,163.0,pharmacology,28.0,PharmacySchool,13.0,PharmacyTechnician,54.0,,
19-4041,Geological and Petroleum Technicians,Petroleum,2.0,,,,,,,,
31-9095,Pharmacy Aides,pharmacy,163.0,pharmacology,28.0,PharmacySchool,13.0,PharmacyTechnician,54.0,,
51-1011,First-Line Supervisors of Production and Operating Workers,,,,,,,,,,
39-5094,Skincare Specialists,Dermatology,68.0,,,,,,,,
29-2011,Medical and Clinical Laboratory Technologists,MedicalTechnology,1.3,,,,,,,,
19-4011,Agricultural and Food Science Technicians,foodscience,33.0,,,,,,,,
29-1123,Physical Therapists,physicaltherapy,68.0,,,,,,,,
43-9031,Desktop Publishers,,,,,,,,,,
31-2011,Occupational Therapy Assistants,OccupationalTherapy,36.0,,,,,,,,
39-5092,Manicurists and Pedicurists,Nailtechs,74.0,,,,,,,,
17-3029,"Engineering Technicians, Except Drafters, All Other",engineering,481.0,,,,,,,,
29-1131,Veterinarians,Veterinary,62.0,veterinaryprofession,20.0,veterinaryschool,13.0,,,,
29-2054,Respiratory Therapy Technicians,respiratorytherapy,19.0,,,,,,,,
19-4051,Nuclear Technicians,nuclear,47.0,,,,,,,,
19-4031,Chemical Technicians,,,,,,,,,,
29-9091,Athletic Trainers,personaltraining,43.0,,,,,,,,
41-2012,Gaming Change Persons and Booth Cashiers,,,,,,,,,,
41-2011,Cashiers,,,,,,,,,,
27-4012,Broadcast Technicians,broadcastengineering,,,,,,,,,
25-4013,Museum Technicians and Conservators,museum,121.0,,,,,,,,
39-3031,"Ushers, Lobby Attendants, and Ticket Takers",,,,,,,,,,
49-1011,"First-Line Supervisors of Mechanics, Installers, and Repairers",,,,,,,,,,
39-4031,"Morticians, Undertakers, and Funeral Directors",FuneralDirector,2.0,,,,,,,,
53-6061,"Transportation Attendants, Except Flight Attendants",,,,,,,,,,
27-4011,Audio and Video Equipment Technicians,production,4.7,,,,,,,,
17-1022,Surveyors,,,,,,,,,,
17-3025,Environmental Engineering Technicians,EnvironmentalEngineer,6.6,,,,,,,,
29-2051,Dietetic Technicians,dietetics,26.0,,,,,,,,
29-2031,Cardiovascular Technologists and Technicians,Cardiology,26.0,,,,,,,,
29-2035,Magnetic Resonance Imaging Technologists,Radiology,188.0,,,,,,,,
19-4091,"Environmental Science and Protection Technicians, Including Health",,,,,,,,,,
29-1067,Surgeons,surgery,42.0,,,,,,,,
27-2023,"Umpires, Referees, and Other Sports Officials",,,,,,,,,,
35-1012,First-Line Supervisors of Food Preparation and Serving Workers,,,,,,,,,,
33-2021,Fire Inspectors and Investigators,firefighters,8.7,,,,,,,,
51-9061,"Inspectors, Testers, Sorters, Samplers, and Weighers",,,,,,,,,,
39-4021,Funeral Attendants,FuneralDirector,2.0,,,,,,,,
11-9013,"Farmers, Ranchers, and Other Agricultural Managers",farming,154.0,,,,,,,,
27-1027,Set and Exhibit Designers,,,,,,,,,,
39-9011,Childcare Workers,ChildcareWorkers,2.8,Nanny,66.0,,,,,,
33-3011,Bailiffs,,,,,,,,,,
35-1011,Chefs and Head Cooks,Chefit,198.0,,,,,,,,
19-1032,Foresters,,,,,,,,,,
33-1012,First-Line Supervisors of Police and Detectives,,,,,,,,,,
29-1126,Respiratory Therapists,respiratorytherapy,19.0,,,,,,,,
39-9021,Personal Care Aides,,,,,,,,,,
29-1024,Prosthodontists,Dentistry,124.0,,,,,,,,
27-1023,Floral Designers,florists,17.0,,,,,,,,
39-3091,Amusement and Recreation Attendants,,,,,,,,,,
25-2059,"Special Education Teachers, All Other",Teachers,866.0,specialed,27.0,specialeducation,11.0,,,,
31-2021,Physical Therapist Assistants,physicaltherapy,68.0,,,,,,,,
31-9097,Phlebotomists,phlebotomy,10.0,phlebotomists,1.2,,,,,,
49-2091,Avionics Technicians,avionics,4.2,,,,,,,,
17-3027,Mechanical Engineering Technicians,MechanicalEngineering,132.0,,,,,,,,
29-2032,Diagnostic Medical Sonographers,Sonographers,12.0,,,,,,,,
31-1013,Psychiatric Aides,Psychiatry,123.0,,,,,,,,
29-2099,"Health Technologists and Technicians, All Other",,,,,,,,,,
29-2056,Veterinary Technologists and Technicians,,,,,,,,,,
29-2012,Medical and Clinical Laboratory Technicians,,,,,,,,,,
43-5051,Postal Service Clerks,USPS,121.0,,,,,,,,
17-3031,Surveying and Mapping Technicians,Surveying,43.0,,,,,,,,
39-3092,Costume Attendants,,,,,,,,,,
29-2061,Licensed Practical and Licensed Vocational Nurses,RegisteredNurses,3.6,nursing,692.0,NursingStudents,31.0,,,,
35-3021,"Combined Food Preparation and Serving Workers, Including Fast Food",,,,,,,,,,
33-9092,"Lifeguards, Ski Patrol, and Other Recreational Protective Service Workers",Lifeguards,12.0,,,,,,,,
29-1124,Radiation Therapists,RadiationTherapy,4.3,,,,,,,,
53-6051,Transportation Inspectors,,,,,,,,,,
35-3022,"Counter Attendants, Cafeteria, Food Concession, and Coffee Shop",,,,,,,,,,
29-1022,Oral and Maxillofacial Surgeons,OralSurgery,1.1,,,,,,,,
51-6092,Fabric and Apparel Patternmakers,Fabrics,18.0,,,,,,,,
51-4012,"Computer Numerically Controlled Machine Tool Programmers, Metal and Plastic",,,,,,,,,,
33-2022,Forest Fire Inspectors and Prevention Specialists,,,,,,,,,,
31-9091,Dental Assistants,Dentistry,124.0,,,,,,,,
29-1021,"Dentists, General",Dentistry,124.0,,,,,,,,
29-2021,Dental Hygienists,Dentistry,124.0,,,,,,,,
43-5111,"Weighers, Measurers, Checkers, and Samplers, Recordkeeping",,,,,,,,,,
31-2012,Occupational Therapy Aides,OccupationalTherapy,36.0,,,,,,,,
49-9061,Camera and Photographic Equipment Repairers,,,,,,,,,,
47-1011,First-Line Supervisors of Construction Trades and Extraction Workers,ConstructionManagers,18.0,,,,,,,,
33-1011,First-Line Supervisors of Correctional Officers,,,,,,,,,,
53-2031,Flight Attendants,flightattendants,37.0,,,,,,,,
37-1011,First-Line Supervisors of Housekeeping and Janitorial Workers,,,,,,,,,,
27-4021,Photographers,PhotographyProTips,39.0,,,,,,,,
33-9011,Animal Control Workers,animalcontrol,1.2,,,,,,,,
35-2011,"Cooks, Fast Food",,,,,,,,,,
33-9091,Crossing Guards,,,,,,,,,,
13-1074,Farm Labor Contractors,farming,154.0,,,,,,,,
31-1011,Home Health Aides,,,,,,,,,,
29-2034,Radiologic Technologists,Radiology,188.0,RadiologyforDocs,3.2,,,,,,
35-3011,Bartenders,bartenders,159.0,,,,,,,,
33-9032,Security Guards,securityguards,66.0,,,,,,,,
51-3092,Food Batchmakers,,,,,,,,,,
51-9081,Dental Laboratory Technicians,Dentistry,124.0,,,,,,,,
51-8013,Power Plant Operators,,,,,,,,,,
35-3041,"Food Servers, Nonrestaurant",Serverlife,241.0,,,,,,,,
49-2011,"Computer, Automated Teller, and Office Machine Repairers",,,,,,,,,,
35-3031,Waiters and Waitresses,Serverlife,241.0,,,,,,,,
51-3011,Bakers,,,,,,,,,,
37-1012,"First-Line Supervisors of Landscaping, Lawn Service, and Groundskeeping Workers",landscaping,942.0,,,,,,,,
39-5091,"Makeup Artists, Theatrical and Performance",makeupartists,27.0,,,,,,,,
51-9151,Photographic Process Workers and Processing Machine Operators,,,,,,,,,,
39-5093,Shampooers,,,,,,,,,,
41-9012,Models,Model,28.0,,,,,,,,
33-3031,Fish and Game Wardens,,,,,,,,,,
31-1014,Nursing Assistants,RegisteredNurses,3.6,nursing,692.0,NursingStudents,31.0,,,,
33-9093,Transportation Security Screeners,tsa,25.0,,,,,,,,
43-5081,Stock Clerks and Order Fillers,,,,,,,,,,
39-2021,Nonfarm Animal Caretakers,,,,,,,,,,
49-9062,Medical Equipment Repairers,,,,,,,,,,
29-2055,Surgical Technologists,surgery,42.0,,,,,,,,
39-5011,Barbers,Barber,147.0,,,,,,,,
51-9082,Medical Appliance Technicians,,,,,,,,,,
45-1011,"First-Line Supervisors of Farming, Fishing, and Forestry Workers",,,,,,,,,,
35-2012,"Cooks, Institution and Cafeteria",,,,,,,,,,
51-8031,Water and Wastewater Treatment Plant and System Operators,WaterTreatment,13.0,,,,,,,,
51-8091,Chemical Plant and System Operators,,,,,,,,,,
53-5031,Ship Engineers,,,,,,,,,,
35-2015,"Cooks, Short Order",,,,,,,,,,
17-3024,Electro-Mechanical Technicians,,,,,,,,,,
51-8092,Gas Plant Operators,,,,,,,,,,
43-9071,"Office Machine Operators, Except Computer",,,,,,,,,,
53-4031,Railroad Conductors and Yardmasters,railroading,39.0,,,,,,,,
51-8021,Stationary Engineers and Boiler Operators,,,,,,,,,,
49-9063,Musical Instrument Repairers and Tuners,Instruments,5.3,,,,,,,,
31-9096,Veterinary Assistants and Laboratory Animal Caretakers,Veterinary,62.0,veterinaryprofession,20.0,veterinaryschool,13.0,,,,
51-6052,"Tailors, Dressmakers, and Custom Sewers",Tailors,22.0,,,,,,,,
31-2022,Physical Therapist Aides,physicaltherapy,68.0,,,,,,,,
39-5012,"Hairdressers, Hairstylists, and Cosmetologists",hairstylist,19.0,,,,,,,,
51-3093,Food Cooking Machine Operators and Tenders,,,,,,,,,,
49-9064,Watch Repairers,watchrepair,15.0,,,,,,,,
33-3041,Parking Enforcement Workers,parking,1.1,,,,,,,,
27-4031,"Camera Operators, Television, Video, and Motion Picture",,,,,,,,,,
51-2093,Timing Device Assemblers and Adjusters,,,,,,,,,,
33-1021,First-Line Supervisors of Fire Fighting and Prevention Workers,,,,,,,,,,
51-9071,Jewelers and Precious Stone and Metal Workers,jewelrymaking,114.0,,,,,,,,
35-2013,"Cooks, Private Household",Chefit,198.0,,,,,,,,
33-3051,Police and Sheriff's Patrol Officers,police,84.0,,,,,,,,
53-2012,Commercial Pilots,pilots,16.0,,,,,,,,
39-3021,Motion Picture Projectionists,,,,,,,,,,
51-8093,"Petroleum Pump System Operators, Refinery Operators, and Gaugers",oil,26.0,,,,,,,,
51-2023,Electromechanical Equipment Assemblers,,,,,,,,,,
39-4011,Embalmers,,,,,,,,,,
49-3052,Motorcycle Mechanics,MotorcycleMechanics,2.2,mechanic,51.0,,,,,,
33-3012,Correctional Officers and Jailers,correctional_staff,2.5,Corrections,1.5,,,,,,
49-2095,"Electrical and Electronics Repairers, Powerhouse, Substation, and Relay",electrical,119.0,,,,,,,,
51-9011,Chemical Equipment Operators and Tenders,,,,,,,,,,
31-9011,Massage Therapists,MassageTherapists,9.8,,,,,,,,
49-2098,Security and Fire Alarm Systems Installers,,,,,,,,,,
51-4111,Tool and Die Makers,,,,,,,,,,
27-1013,"Fine Artists, Including Painters, Sculptors, and Illustrators",ArtistLounge,194.0,Artists,22.0,Artistsforhire,15.0,,,,
29-2041,Emergency Medical Technicians and Paramedics,emtb,4.3,EMTstories,12.0,,,,,,
49-2094,"Electrical and Electronics Repairers, Commercial and Industrial Equipment",electrical,119.0,electricians,426.0,,,,,,
45-4023,Log Graders and Scalers,,,,,,,,,,
43-9051,"Mail Clerks and Mail Machine Operators, Except Postal Service",,,,,,,,,,
51-9141,Semiconductor Processors,Semiconductors,9.9,,,,,,,,
53-3031,Driver/Sales Workers,,,,,,,,,,
37-2021,Pest Control Workers,Pestcontroltech,1.0,pestcontrol,53.0,,,,,,
53-3022,"Bus Drivers, School or Special Client",BusDrivers,1.7,,,,,,,,
39-2011,Animal Trainers,Dogtraining,873.0,,,,,,,,
49-2097,Electronic Home Entertainment Equipment Installers and Repairers,,,,,,,,,,
27-1026,Merchandise Displayers and Window Trimmers,,,,,,,,,,
43-5071,"Shipping, Receiving, and Traffic Clerks",UPS,50.0,FedEx,34.0,,,,,,
49-2021,"Radio, Cellular, and Tower Equipment Installers and Repairers",radio,15.0,,,,,,,,
47-4041,Hazardous Materials Removal Workers,hazmat,2.7,,,,,,,,
33-3052,Transit and Railroad Police,,,,,,,,,,
53-1011,Aircraft Cargo Handling Supervisors,AircraftMechanics,14.0,,,,,,,,
51-2022,Electrical and Electronic Equipment Assemblers,electrical,119.0,electricians,426.0,,,,,,
53-2011,"Airline Pilots, Copilots, and Flight Engineers",pilots,16.0,,,,,,,,
35-2014,"Cooks, Restaurant",Chefit,198.0,,,,,,,,
19-4093,Forest and Conservation Technicians,forestry,32.0,,,,,,,,
51-9194,Etchers and Engravers,engraving,6.6,,,,,,,,
31-9093,Medical Equipment Preparers,MedicalDevices,8.3,,,,,,,,
49-9012,"Control and Valve Installers and Repairers, Except Mechanical Door",,,,,,,,,,
51-4062,"Patternmakers, Metal and Plastic",,,,,,,,,,
51-3091,"Food and Tobacco Roasting, Baking, and Drying Machine Operators and Tenders",,,,,,,,,,
53-5021,"Captains, Mates, and Pilots of Water Vessels",boating,81.0,,,,,,,,
49-9099,"Installation, Maintenance, and Repair Workers, All Other",repair,1.2,,,,,,,,
53-6011,Bridge and Lock Tenders,,,,,,,,,,
51-7031,"Model Makers, Wood",Woodcarving,282.0,Woodworking,5300.0,modelmakers,246.0,,,,
51-8099,"Plant and System Operators, All Other",,,,,,,,,,
49-3011,Aircraft Mechanics and Service Technicians,AircraftMechanics,14.0,,,,,,,,
49-3091,Bicycle Repairers,bikewrench,219.0,BikeRepair,1.0,,,,,,
51-4193,"Plating and Coating Machine Setters, Operators, and Tenders, Metal and Plastic",Powdercoating,,,,,,,,,
51-2092,Team Assemblers,,,,,,,,,,
51-5112,Printing Press Operators,,,,,,,,,,
53-3011,"Ambulance Drivers and Attendants, Except Emergency Medical Technicians",emtb,4.3,EMTstories,12.0,,,,,,
51-4081,"Multiple Machine Tool Setters, Operators, and Tenders, Metal and Plastic",Machinists,219.0,,,,,,,,
53-7011,Conveyor Operators and Tenders,,,,,,,,,,
51-9051,"Furnace, Kiln, Oven, Drier, and Kettle Operators and Tenders",,,,,,,,,,
49-9091,"Coin, Vending, and Amusement Machine Servicers and Repairers",vendingmachines,8.3,vending,5.8,,,,,,
51-4035,"Milling and Planing Machine Setters, Operators, and Tenders, Metal and Plastic",Machinists,219.0,,,,,,,,
51-4061,"Model Makers, Metal and Plastic",modelmakers,246.0,,,,,,,,
51-2021,"Coil Winders, Tapers, and Finishers",,,,,,,,,,
49-3092,Recreational Vehicle Service Technicians,mechanics,72.0,mechanic,51.0,,,,,,
49-2096,"Electronic Equipment Installers and Repairers, Motor Vehicles",,,,,,,,,,
47-4099,"Construction and Related Workers, All Other",Construction,374.0,,,,,,,,
53-7071,Gas Compressor and Gas Pumping Station Operators,,,,,,,,,,
47-5012,"Rotary Drill Operators, Oil and Gas",rotaryengine,1.3,,,,,,,,
51-4022,"Forging Machine Setters, Operators, and Tenders, Metal and Plastic",Forging,6.0,,,,,,,,
27-2032,Choreographers,,,,,,,,,,
51-4032,"Drilling and Boring Machine Tool Setters, Operators, and Tenders, Metal and Plastic",,,,,,,,,,
51-4011,"Computer-Controlled Machine Tool Operators, Metal and Plastic",,,,,,,,,,
51-6011,Laundry and Dry-Cleaning Workers,Laundromats,,,,,,,,,
49-9021,"Heating, Air Conditioning, and Refrigeration Mechanics and Installers",HVAC,169.0,hvacengineers,2.7,,,,,,
49-2093,"Electrical and Electronics Installers and Repairers, Transportation Equipment",electrical,119.0,electricians,426.0,,,,,,
53-4041,Subway and Streetcar Operators,Subways,9.7,,,,,,,,
51-5113,Print Binding and Finishing Workers,Printing,8.4,,,,,,,,
39-6011,Baggage Porters and Bellhops,,,,,,,,,,
53-4011,Locomotive Engineers,trains,305.0,,,,,,,,
47-2111,Electricians,electricians,426.0,,,,,,,,
27-1012,Craft Artists,,,,,,,,,,
51-9196,"Paper Goods Machine Setters, Operators, and Tenders",,,,,,,,,,
51-9083,Ophthalmic Laboratory Technicians,Ophthalmology,13.0,,,,,,,,
43-5021,Couriers and Messengers,couriersofreddit,74.0,,,,,,,,
51-6061,Textile Bleaching and Dyeing Machine Operators and Tenders,textiles,4.5,,,,,,,,
51-6091,"Extruding and Forming Machine Setters, Operators, and Tenders, Synthetic and Glass Fibers",,,,,,,,,,
51-2011,"Aircraft Structure, Surfaces, Rigging, and Systems Assemblers",AircraftMechanics,14.0,,,,,,,,
47-4021,Elevator Installers and Repairers,Elevators,13.0,elevator,1.1,,,,,,
49-9031,Home Appliance Repairers,appliancerepair,49.0,ApplianceTechTalk,1.4,,,,,,
37-3012,"Pesticide Handlers, Sprayers, and Applicators, Vegetation",,,,,,,,,,
35-2021,Food Preparation Workers,Chefit,198.0,,,,,,,,
51-4192,"Layout Workers, Metal and Plastic",,,,,,,,,,
49-3051,Motorboat Mechanics and Service Technicians,boatrepair,1.3,,,,,,,,
53-3041,Taxi Drivers and Chauffeurs,taxi,1.9,uberdrivers,387.0,,,,,,
49-2022,"Telecommunications Equipment Installers and Repairers, Except Line Installers",telecom,6.9,Telecommunication,2.8,,,,,,
51-9023,"Mixing and Blending Machine Setters, Operators, and Tenders",,,,,,,,,,
45-2021,Animal Breeders,DogBreeding,3.8,,,,,,,,
51-9031,"Cutters and Trimmers, Hand",,,,,,,,,,
47-4091,Segmental Pavers,,,,,,,,,,
51-9123,"Painting, Coating, and Decorating Workers",paint,30.0,,,,,,,,
47-5031,"Explosives Workers, Ordnance Handling Experts, and Blasters",,,,,,,,,,
49-3053,Outdoor Power Equipment and Other Small Engine Mechanics,,,,,,,,,,
43-5052,Postal Service Mail Carriers,USPS,121.0,,,,,,,,
53-7072,"Pump Operators, Except Wellhead Pumpers",,,,,,,,,,
51-3021,Butchers and Meat Cutters,Butchery,93.0,,,,,,,,
51-4041,Machinists,Machinists,219.0,,,,,,,,
49-2092,"Electric Motor, Power Tool, and Related Repairers",repair,1.2,,,,,,,,
49-9081,Wind Turbine Service Technicians,windturbine,4.1,,,,,,,,
49-9094,Locksmiths and Safe Repairers,Locksmith,23.0,,,,,,,,
47-5021,"Earth Drillers, Except Oil and Gas",,,,,,,,,,
45-4011,Forest and Conservation Workers,forestry,32.0,,,,,,,,
51-6041,Shoe and Leather Workers and Repairers,shoerepair,1.7,,,,,,,,
43-5053,"Postal Service Mail Sorters, Processors, and Processing Machine Operators",USPS,121.0,,,,,,,,
51-9111,Packaging and Filling Machine Operators and Tenders,,,,,,,,,,
53-7063,Machine Feeders and Offbearers,,,,,,,,,,
49-9043,"Maintenance Workers, Machinery",maintenance,23.0,MaintenanceWorkers,1.1,,,,,,
51-6051,"Sewers, Hand",sewing,1500.0,,,,,,,,
53-4013,"Rail Yard Engineers, Dinkey Operators, and Hostlers",trains,306.0,,,,,,,,
51-3022,"Meat, Poultry, and Fish Cutters and Trimmers",Butchery,93.0,,,,,,,,
43-5041,"Meter Readers, Utilities",,,,,,,,,,
37-2012,Maids and Housekeeping Cleaners,housekeeping,16.0,,,,,,,,
51-9193,Cooling and Freezing Equipment Operators and Tenders,,,,,,,,,,
49-3023,Automotive Service Technicians and Mechanics,AutoMechanics,4.9,,,,,,,,
45-2041,"Graders and Sorters, Agricultural Products",,,,,,,,,,
47-2231,Solar Photovoltaic Installers,solarenergy,32.0,solar,148.0,,,,,,
53-6021,Parking Lot Attendants,parking,1.1,,,,,,,,
51-2031,Engine and Other Machine Assemblers,,,,,,,,,,
51-4122,"Welding, Soldering, and Brazing Machine Setters, Operators, and Tenders",Weldingporn,108.0,weldingengineering,1.8,,,,,,
51-9012,"Separating, Filtering, Clarifying, Precipitating, and Still Machine Setters, Operators, and Tenders",,,,,,,,,,
47-2042,"Floor Layers, Except Carpet, Wood, and Hard Tiles",Flooring,58.0,,,,,,,,
53-3021,"Bus Drivers, Transit and Intercity",BusDrivers,1.7,,,,,,,,
51-6042,Shoe Machine Operators and Tenders,,,,,,,,,,
49-9052,Telecommunications Line Installers and Repairers,telecom,6.9,Telecommunication,2.8,,,,,,
49-3031,Bus and Truck Mechanics and Diesel Engine Specialists,,,,,,,,,,
47-5013,"Service Unit Operators, Oil, Gas, and Mining",,,,,,,,,,
49-9071,"Maintenance and Repair Workers, General",maintenance,23.0,MaintenanceWorkers,1.1,,,,,,
53-4012,Locomotive Firers,trains,306.0,,,,,,,,
51-2041,Structural Metal Fabricators and Fitters,fabrication,18.0,,,,,,,,
47-2132,"Insulation Workers, Mechanical",Insulation,6.5,,,,,,,,
49-9092,Commercial Divers,Truckers,272.0,,,,,,,,
31-1015,Orderlies,,,,,,,,,,
45-2093,"Farmworkers, Farm, Ranch, and Aquacultural Animals",Ranching,26.0,rancher,3.0,farming,154.0,,,,
37-2011,"Janitors and Cleaners, Except Maids and Housekeeping Cleaners",,,,,,,,,,
51-4194,"Tool Grinders, Filers, and Sharpeners",Tools,756.0,,,,,,,,
53-7073,Wellhead Pumpers,,,,,,,,,,
51-4072,"Molding, Coremaking, and Casting Machine Setters, Operators, and Tenders, Metal and Plastic",InjectionMolding,6.6,,,,,,,,
53-6031,Automotive and Watercraft Service Attendants,,,,,,,,,,
51-6062,"Textile Cutting Machine Setters, Operators, and Tenders",textiles,4.5,,,,,,,,
49-9051,Electrical Power-Line Installers and Repairers,PowerLineman,1.0,,,,,,,,
47-2152,"Plumbers, Pipefitters, and Steamfitters",plumbers,4.0,Plumbing,325.0,,,,,,
47-2011,Boilermakers,,,,,,,,,,
51-9192,"Cleaning, Washing, and Metal Pickling Equipment Operators and Tenders",,,,,,,,,,
51-4034,"Lathe and Turning Machine Tool Setters, Operators, and Tenders, Metal and Plastic",Lathe,3.7,,,,,,,,
53-7041,Hoist and Winch Operators,,,,,,,,,,
51-9021,"Crushing, Grinding, and Polishing Machine Setters, Operators, and Tenders",,,,,,,,,,
51-9041,"Extruding, Forming, Pressing, and Compacting Machine Setters, Operators, and Tenders",,,,,,,,,,
51-4052,"Pourers and Casters, Metal",,,,,,,,,,
49-9097,Signal and Track Switch Repairers,,,,,,,,,,
51-4031,"Cutting, Punching, and Press Machine Setters, Operators, and Tenders, Metal and Plastic",,,,,,,,,,
51-6063,"Textile Knitting and Weaving Machine Setters, Operators, and Tenders",textiles,4.5,,,,,,,,
51-4191,"Heat Treating Equipment Setters, Operators, and Tenders, Metal and Plastic",,,,,,,,,,
47-2073,Operating Engineers and Other Construction Equipment Operators,Construction,374.0,,,,,,,,
53-5022,Motorboat Operators,boating,81.0,,,,,,,,
47-2151,Pipelayers,,,,,,,,,,
51-4023,"Rolling Machine Setters, Operators, and Tenders, Metal and Plastic",,,,,,,,,,
53-7064,"Packers and Packagers, Hand",,,,,,,,,,
51-4033,"Grinding, Lapping, Polishing, and Buffing Machine Tool Setters, Operators, and Tenders, Metal and Plastic",MetalPolishing,3.4,,,,,,,,
47-2044,Tile and Marble Setters,Tile,17.0,,,,,,,,
51-9032,"Cutting and Slicing Machine Setters, Operators, and Tenders",,,,,,,,,,
49-3021,Automotive Body and Related Repairers,Autobody,66.0,AutoBodyRepair,6.7,,,,,,
53-3033,Light Truck or Delivery Services Drivers,deliverydrivers,4.1,,,,,,,,
51-7042,"Woodworking Machine Setters, Operators, and Tenders, Except Sawing",Woodcarving,282.0,Woodworking,5300.0,,,,,,
51-7032,"Patternmakers, Wood",Woodcarving,282.0,Woodworking,5300.0,,,,,,
49-9045,"Refractory Materials Repairers, Except Brickmasons",,,,,,,,,,
49-9041,Industrial Machinery Mechanics,Industrial,,,,,,,,,
51-9022,"Grinding and Polishing Workers, Hand",MetalPolishing,3.4,,,,,,,,
49-3022,Automotive Glass Installers and Repairers,,,,,,,,,,
51-7021,Furniture Finishers,furniturerestoration,91.0,furniture_design,14.0,,,,,,
49-3041,Farm Equipment Mechanics and Service Technicians,,,,,,,,,,
45-2091,Agricultural Equipment Operators,Tractor,2.1,,,,,,,,
51-9195,"Molders, Shapers, and Casters, Except Metal and Plastic",,,,,,,,,,
47-2211,Sheet Metal Workers,sheetmetal,6.6,,,,,,,,
47-2031,Carpenters,carpenters,1.3,,,,,,,,
53-7031,Dredge Operators,,,,,,,,,,
39-9031,Fitness Trainers and Aerobics Instructors,personaltraining,43.0,,,,,,,,
49-3042,"Mobile Heavy Equipment Mechanics, Except Engines",heavyequipment,18.0,,,,,,,,
47-4071,Septic Tank Servicers and Sewer Pipe Cleaners,SepticTankCleaning,1.5,,,,,,,,
53-7081,Refuse and Recyclable Material Collectors,,,,,,,,,,
51-7041,"Sawing Machine Setters, Operators, and Tenders, Wood",,,,,,,,,,
47-2121,Glaziers,,,,,,,,,,
53-5011,Sailors and Marine Oilers,,,,,,,,,,
51-6031,Sewing Machine Operators,sewing,1500.0,SewingStations,5.6,,,,,,
51-2091,Fiberglass Laminators and Fabricators,fabrication,18.0,,,,,,,,
49-9096,Riggers,Rigging,30.0,,,,,,,,
51-9121,"Coating, Painting, and Spraying Machine Setters, Operators, and Tenders",,,,,,,,,,
47-4051,Highway Maintenance Workers,,,,,,,,,,
49-9011,Mechanical Door Repairers,,,,,,,,,,
47-5042,Mine Cutting and Channeling Machine Operators,mining,36.0,,,,,,,,
49-9044,Millwrights,millwrights,12.0,,,,,,,,
51-9191,Adhesive Bonding Machine Operators and Tenders,,,,,,,,,,
33-2011,Firefighters,firefighters,8.7,,,,,,,,
27-2021,Athletes and Sports Competitors,,,,,,,,,,
51-4121,"Welders, Cutters, Solderers, and Brazers",Weldingporn,108.0,weldingengineering,1.8,,,,,,
47-2071,"Paving, Surfacing, and Tamping Equipment Operators",,,,,,,,,,
51-4051,Metal-Refining Furnace Operators and Tenders,PreciousMetalRefining,3.3,,,,,,,,
53-4021,"Railroad Brake, Signal, and Switch Operators",trains,306.0,,,,,,,,
49-9098,"Helpers--Installation, Maintenance, and Repair Workers",,,,,,,,,,
51-4021,"Extruding and Drawing Machine Setters, Operators, and Tenders, Metal and Plastic",,,,,,,,,,
51-7011,Cabinetmakers and Bench Carpenters,cabinetry,20.0,,,,,,,,
47-2082,Tapers,,,,,,,,,,
53-7021,Crane and Tower Operators,cranes,11.0,,,,,,,,
45-4022,Logging Equipment Operators,,,,,,,,,,
47-5041,Continuous Mining Machine Operators,mining,36.0,,,,,,,,
51-9198,Helpers--Production Workers,,,,,,,,,,
51-9199,"Production Workers, All Other",production,4.7,,,,,,,,
53-7032,Excavating and Loading Machine and Dragline Operators,,,,,,,,,,
47-3012,Helpers--Carpenters,carpenters,1.3,,,,,,,,
45-3021,Hunters and Trappers,Hunting,226.0,,,,,,,,
47-2141,"Painters, Construction and Maintenance",paint,30.0,Construction,374.0,,,,,,
53-7033,"Loading Machine Operators, Underground Mining",mining,36.0,,,,,,,,
47-5011,"Derrick Operators, Oil and Gas",,,,,,,,,,
53-3032,Heavy and Tractor-Trailer Truck Drivers,Truckers,272.0,,,,,,,,
53-7121,"Tank Car, Truck, and Ship Loaders",,,,,,,,,,
47-2061,Construction Laborers,Construction,374.0,,,,,,,,
51-6093,Upholsterers,upholstery,87.0,,,,,,,,
47-2041,Carpet Installers,carpet,2.2,,,,,,,,
51-6064,"Textile Winding, Twisting, and Drawing Out Machine Setters, Operators, and Tenders",textiles,4.5,,,,,,,,
49-3093,Tire Repairers and Changers,tires,20.0,,,,,,,,
45-2092,"Farmworkers and Laborers, Crop, Nursery, and Greenhouse",farming,154.0,,,,,,,,
35-9011,Dining Room and Cafeteria Attendants and Bartender Helpers,,,,,,,,,,
49-9095,Manufactured Building and Mobile Home Installers,,,,,,,,,,
47-3013,Helpers--Electricians,electrical,119.0,electricians,426.0,,,,,,
47-2072,Pile-Driver Operators,,,,,,,,,,
47-3015,"Helpers--Pipelayers, Plumbers, Pipefitters, and Steamfitters",Plumbing,325.0,,,,,,,,
51-9197,Tire Builders,,,,,,,,,,
49-9093,"Fabric Menders, Except Garment",Tailors,22.0,,,,,,,,
47-2022,Stonemasons,stonemasonry,14.0,masonry,10.0,,,,,,
49-3043,Rail Car Repairers,trains,306.0,,,,,,,,
47-2081,Drywall and Ceiling Tile Installers,drywall,44.0,,,,,,,,
47-4061,Rail-Track Laying and Maintenance Equipment Operators,trains,306.0,,,,,,,,
53-7111,Mine Shuttle Car Operators,mining,36.0,,,,,,,,
53-7062,"Laborers and Freight, Stock, and Material Movers, Hand",,,,,,,,,,
47-5071,"Roustabouts, Oil and Gas",,,,,,,,,,
47-2131,"Insulation Workers, Floor, Ceiling, and Wall",Insulation,6.5,,,,,,,,
45-3011,Fishers and Related Fishing Workers,commercialfishing,2.9,,,,,,,,
53-7061,Cleaners of Vehicles and Equipment,,,,,,,,,,
51-3023,Slaughterers and Meat Packers,,,,,,,,,,
47-2181,Roofers,Roofing,76.0,,,,,,,,
35-9021,Dishwashers,dishwashers,35.0,,,,,,,,
47-2142,Paperhangers,,,,,,,,,,
51-9122,"Painters, Transportation Equipment",paint,30.0,,,,,,,,
47-5081,Helpers--Extraction Workers,,,,,,,,,,
47-2043,Floor Sanders and Finishers,Flooring,58.0,,,,,,,,
53-7051,Industrial Truck and Tractor Operators,tractors,43.0,,,,,,,,
47-2161,Plasterers and Stucco Masons,Plastering,6.9,,,,,,,,
37-3013,Tree Trimmers and Pruners,,,,,,,,,,
47-5061,"Roof Bolters, Mining",mining,36.0,,,,,,,,
47-2021,Brickmasons and Blockmasons,masonry,10.0,,,,,,,,
47-5051,"Rock Splitters, Quarry",,,,,,,,,,
51-4071,Foundry Mold and Coremakers,,,,,,,,,,
37-3011,Landscaping and Groundskeeping Workers,landscaping,943.0,,,,,,,,
47-3016,Helpers--Roofers,Roofing,76.0,,,,,,,,
47-4031,Fence Erectors,FenceBuilding,12.0,,,,,,,,
47-2051,Cement Masons and Concrete Finishers,masonry,10.0,stonemasonry,14.0,,,,,,
47-2053,Terrazzo Workers and Finishers,masonry,10.0,stonemasonry,14.0,,,,,,
47-2221,Structural Iron and Steel Workers,steel,4.1,,,,,,,,
47-3014,"Helpers--Painters, Paperhangers, Plasterers, and Stucco Masons",masonry,10.0,,,,,,,,
47-2171,Reinforcing Iron and Rebar Workers,Ironworker,12.0,,,,,,,,
45-4021,Fallers,,,,,,,,,,
27-2031,Dancers,dancers,1.4,,,,,,,,
47-3011,"Helpers--Brickmasons, Blockmasons, Stonemasons, and Tile and Marble Setters",masonry,10.0,stonemasonry,14.0,,,,,,
51-6021,"Pressers, Textile, Garment, and Related Materials",textiles,4.5,,,,,,,,
